traj,em_collapsed,em_step,em_type,lam_collapsed,lam_step,lam_type
0,0,-1,0,0,-1,0
1,1,293,1,1,295,1
2,0,-1,0,0,-1,0
3,0,-1,0,0,-1,0
4,1,285,1,1,282,1
5,0,-1,0,0,-1,0
6,0,-1,0,0,-1,0
7,1,366,1,0,-1,0
8,0,-1,0,0,-1,0
9,1,281,1,1,284,3
10,0,-1,0,0,-1,0
11,1,278,1,1,282,3
12,1,422,1,1,382,3
13,0,-1,0,0,-1,0
14,1,289,1,1,293,1
15,1,399,1,0,-1,0
16,0,-1,0,0,-1,0
17,0,-1,0,0,-1,0
18,0,-1,0,0,-1,0
19,0,-1,0,0,-1,0
20,0,-1,0,0,-1,0
21,1,281,1,1,286,1
22,0,-1,0,0,-1,0
23,1,279,1,1,279,1
24,1,301,3,1,299,3
25,1,298,1,1,298,3
26,0,-1,0,0,-1,0
27,0,-1,0,0,-1,0
28,1,280,1,1,281,3
29,0,-1,0,0,-1,0
30,0,-1,0,0,-1,0
31,0,-1,0,0,-1,0
32,0,-1,0,0,-1,0
33,0,-1,0,0,-1,0
34,0,-1,0,0,-1,0
35,0,-1,0,0,-1,0
36,0,-1,0,0,-1,0
37,1,314,3,1,324,1
38,0,-1,0,0,-1,0
39,0,-1,0,0,-1,0
40,1,303,3,1,300,1
41,0,-1,0,0,-1,0
42,0,-1,0,0,-1,0
43,0,-1,0,0,-1,0
44,0,-1,0,0,-1,0
45,1,301,1,1,320,3
46,0,-1,0,0,-1,0
47,1,347,1,1,352,3
48,0,-1,0,0,-1,0
49,0,-1,0,0,-1,0
50,1,321,1,1,322,1
51,0,-1,0,0,-1,0
52,0,-1,0,0,-1,0
53,0,-1,0,0,-1,0
54,0,-1,0,0,-1,0
55,0,-1,0,0,-1,0
56,0,-1,0,0,-1,0
57,0,-1,0,0,-1,0
58,1,271,1,1,277,3
59,1,275,3,1,277,3
60,0,-1,0,0,-1,0
61,0,-1,0,0,-1,0
62,0,-1,0,0,-1,0
63,0,-1,0,0,-1,0
64,0,-1,0,0,-1,0
65,1,360,1,1,361,1
66,1,284,1,1,289,1
67,0,-1,0,0,-1,0
68,0,-1,0,0,-1,0
69,0,-1,0,0,-1,0
70,0,-1,0,0,-1,0
71,0,-1,0,0,-1,0
72,0,-1,0,0,-1,0
73,0,-1,0,0,-1,0
74,0,-1,0,0,-1,0
75,1,289,1,1,287,1
76,0,-1,0,0,-1,0
77,0,-1,0,0,-1,0
78,1,287,1,1,289,1
79,0,-1,0,0,-1,0
80,1,301,1,1,295,1
81,0,-1,0,0,-1,0
82,1,300,1,1,302,1
83,0,-1,0,0,-1,0
84,1,288,1,1,287,1
85,1,286,1,1,287,1
86,1,271,1,1,272,1
87,1,280,1,1,294,3
88,1,269,1,1,281,1
89,0,-1,0,0,-1,0
90,0,-1,0,0,-1,0
91,0,-1,0,0,-1,0
92,0,-1,0,0,-1,0
93,0,-1,0,0,-1,0
94,1,270,1,1,274,3
95,0,-1,0,0,-1,0
96,1,330,1,1,342,1
97,1,337,1,1,337,1
98,0,-1,0,0,-1,0
99,0,-1,0,0,-1,0
100,0,-1,0,0,-1,0
101,0,-1,0,0,-1,0
102,0,-1,0,0,-1,0
103,0,-1,0,0,-1,0
104,1,277,1,1,282,1
105,0,-1,0,0,-1,0
106,0,-1,0,0,-1,0
107,0,-1,0,0,-1,0
108,0,-1,0,0,-1,0
109,1,343,1,1,348,1
110,1,281,1,1,285,1
111,0,-1,0,0,-1,0
112,0,-1,0,0,-1,0
113,1,275,1,1,277,1
114,1,296,1,1,305,1
115,0,-1,0,0,-1,0
116,1,406,1,1,429,3
117,0,-1,0,0,-1,0
118,0,-1,0,0,-1,0
119,0,-1,0,0,-1,0
120,0,-1,0,0,-1,0
121,0,-1,0,0,-1,0
122,0,-1,0,0,-1,0
123,1,275,1,1,280,1
124,1,282,1,1,286,1
125,1,297,1,1,301,1
126,0,-1,0,0,-1,0
127,0,-1,0,0,-1,0
128,0,-1,0,0,-1,0
129,0,-1,0,0,-1,0
130,0,-1,0,0,-1,0
131,1,291,1,1,293,1
132,0,-1,0,0,-1,0
133,0,-1,0,0,-1,0
134,0,-1,0,0,-1,0
135,0,-1,0,0,-1,0
136,0,-1,0,0,-1,0
137,1,380,1,0,-1,0
138,1,279,1,1,282,1
139,0,-1,0,0,-1,0
140,0,-1,0,0,-1,0
141,0,-1,0,0,-1,0
142,0,-1,0,0,-1,0
143,0,-1,0,0,-1,0
144,0,-1,0,0,-1,0
145,0,-1,0,0,-1,0
146,0,-1,0,0,-1,0
147,0,-1,0,0,-1,0
148,0,-1,0,0,-1,0
149,0,-1,0,0,-1,0
150,0,-1,0,0,-1,0
151,0,-1,0,0,-1,0
152,0,-1,0,0,-1,0
153,0,-1,0,0,-1,0
154,0,-1,0,0,-1,0
155,0,-1,0,0,-1,0
156,1,301,1,1,304,1
157,0,-1,0,0,-1,0
158,1,281,1,1,282,1
159,0,-1,0,0,-1,0
160,1,279,1,1,283,3
161,0,-1,0,0,-1,0
162,1,311,1,1,316,1
163,0,-1,0,0,-1,0
164,0,-1,0,0,-1,0
165,0,-1,0,0,-1,0
166,0,-1,0,0,-1,0
167,0,-1,0,0,-1,0
168,0,-1,0,0,-1,0
169,0,-1,0,0,-1,0
170,0,-1,0,0,-1,0
171,0,-1,0,0,-1,0
172,0,-1,0,0,-1,0
173,0,-1,0,0,-1,0
174,0,-1,0,0,-1,0
175,1,297,1,1,301,1
176,1,280,1,1,276,3
177,0,-1,0,0,-1,0
178,0,-1,0,0,-1,0
179,1,293,1,1,296,3
180,1,278,1,1,280,1
181,0,-1,0,0,-1,0
182,1,278,1,1,279,1
183,0,-1,0,0,-1,0
184,0,-1,0,0,-1,0
185,1,279,1,1,288,1
186,0,-1,0,0,-1,0
187,0,-1,0,0,-1,0
188,0,-1,0,0,-1,0
189,1,377,1,1,389,1
190,0,-1,0,0,-1,0
191,0,-1,0,0,-1,0
192,1,324,3,1,325,3
193,0,-1,0,0,-1,0
194,1,272,1,1,274,1
195,0,-1,0,0,-1,0
196,0,-1,0,0,-1,0
197,0,-1,0,0,-1,0
198,0,-1,0,0,-1,0
199,0,-1,0,0,-1,0
200,0,-1,0,0,-1,0
201,0,-1,0,0,-1,0
202,0,-1,0,0,-1,0
203,0,-1,0,0,-1,0
204,0,-1,0,0,-1,0
205,0,-1,0,0,-1,0
206,1,275,1,1,277,1
207,1,285,1,1,285,3
208,0,-1,0,0,-1,0
209,0,-1,0,0,-1,0
210,1,315,1,1,313,1
211,1,313,3,1,321,3
212,0,-1,0,0,-1,0
213,1,265,1,1,266,1
214,0,-1,0,0,-1,0
215,0,-1,0,1,329,3
216,1,331,1,1,345,1
217,1,286,1,1,286,1
218,0,-1,0,0,-1,0
219,1,268,1,1,267,1
220,1,293,1,1,296,1
221,0,-1,0,0,-1,0
222,0,-1,0,0,-1,0
223,0,-1,0,0,-1,0
224,1,288,1,1,294,1
225,0,-1,0,0,-1,0
226,1,307,1,1,307,1
227,0,-1,0,0,-1,0
228,0,-1,0,0,-1,0
229,0,-1,0,0,-1,0
230,0,-1,0,0,-1,0
231,0,-1,0,0,-1,0
232,1,286,1,1,288,1
233,0,-1,0,0,-1,0
234,0,-1,0,0,-1,0
235,1,277,1,1,279,1
236,1,341,1,1,358,1
237,0,-1,0,0,-1,0
238,0,-1,0,0,-1,0
239,0,-1,0,0,-1,0
240,0,-1,0,0,-1,0
241,0,-1,0,0,-1,0
242,0,-1,0,0,-1,0
243,0,-1,0,0,-1,0
244,0,-1,0,0,-1,0
245,0,-1,0,0,-1,0
246,0,-1,0,0,-1,0
247,0,-1,0,0,-1,0
248,1,324,1,1,358,1
249,0,-1,0,0,-1,0
250,0,-1,0,0,-1,0
251,1,287,1,1,289,1
252,0,-1,0,0,-1,0
253,0,-1,0,0,-1,0
254,0,-1,0,0,-1,0
255,0,-1,0,0,-1,0
256,0,-1,0,0,-1,0
257,0,-1,0,0,-1,0
258,1,278,1,1,282,3
259,0,-1,0,0,-1,0
260,0,-1,0,0,-1,0
261,0,-1,0,0,-1,0
262,0,-1,0,0,-1,0
263,1,326,1,1,340,1
264,0,-1,0,0,-1,0
265,0,-1,0,0,-1,0
266,0,-1,0,0,-1,0
267,0,-1,0,0,-1,0
268,1,268,1,1,269,1
269,0,-1,0,0,-1,0
270,0,-1,0,0,-1,0
271,0,-1,0,0,-1,0
272,0,-1,0,0,-1,0
273,1,275,1,1,276,1
274,0,-1,0,0,-1,0
275,0,-1,0,0,-1,0
276,1,285,1,1,290,3
277,0,-1,0,0,-1,0
278,1,336,1,1,338,1
279,0,-1,0,0,-1,0
280,1,276,1,1,278,3
281,0,-1,0,0,-1,0
282,1,298,1,1,304,1
283,1,290,1,1,292,1
284,1,311,3,1,313,3
285,1,280,1,1,283,1
286,0,-1,0,0,-1,0
287,0,-1,0,0,-1,0
288,1,272,1,1,270,1
289,1,275,1,1,278,1
290,1,298,1,1,305,1
291,0,-1,0,0,-1,0
292,0,-1,0,0,-1,0
293,0,-1,0,0,-1,0
294,0,-1,0,0,-1,0
295,0,-1,0,0,-1,0
296,0,-1,0,0,-1,0
297,0,-1,0,0,-1,0
298,0,-1,0,0,-1,0
299,0,-1,0,0,-1,0
300,0,-1,0,0,-1,0
301,0,-1,0,0,-1,0
302,0,-1,0,0,-1,0
303,0,-1,0,0,-1,0
304,0,-1,0,0,-1,0
305,0,-1,0,0,-1,0
306,0,-1,0,0,-1,0
307,0,-1,0,0,-1,0
308,0,-1,0,0,-1,0
309,0,-1,0,0,-1,0
310,0,-1,0,0,-1,0
311,1,284,1,1,284,1
312,0,-1,0,0,-1,0
313,0,-1,0,0,-1,0
314,0,-1,0,0,-1,0
315,0,-1,0,0,-1,0
316,0,-1,0,0,-1,0
317,0,-1,0,0,-1,0
318,0,-1,0,0,-1,0
319,0,-1,0,0,-1,0
320,0,-1,0,0,-1,0
321,0,-1,0,0,-1,0
322,1,285,3,1,288,3
323,1,288,1,1,293,3
324,0,-1,0,0,-1,0
325,0,-1,0,0,-1,0
326,0,-1,0,0,-1,0
327,0,-1,0,0,-1,0
328,1,297,1,1,295,1
329,1,298,1,1,311,3
330,1,288,1,1,289,1
331,0,-1,0,0,-1,0
332,0,-1,0,0,-1,0
333,1,351,3,1,359,3
334,0,-1,0,0,-1,0
335,0,-1,0,0,-1,0
336,0,-1,0,0,-1,0
337,0,-1,0,0,-1,0
338,1,326,1,1,325,1
339,0,-1,0,0,-1,0
340,0,-1,0,0,-1,0
341,0,-1,0,0,-1,0
342,0,-1,0,0,-1,0
343,0,-1,0,0,-1,0
344,0,-1,0,0,-1,0
345,0,-1,0,0,-1,0
346,0,-1,0,0,-1,0
347,1,277,1,1,279,3
348,0,-1,0,0,-1,0
349,1,288,1,1,284,1
350,0,-1,0,0,-1,0
351,0,-1,0,0,-1,0
352,0,-1,0,0,-1,0
353,0,-1,0,0,-1,0
354,1,278,1,1,285,1
355,1,338,1,1,340,3
356,0,-1,0,0,-1,0
357,1,269,1,0,-1,0
358,0,-1,0,0,-1,0
359,0,-1,0,0,-1,0
360,1,283,1,1,283,1
361,0,-1,0,0,-1,0
362,0,-1,0,0,-1,0
363,0,-1,0,0,-1,0
364,0,-1,0,0,-1,0
365,1,281,3,1,280,3
366,0,-1,0,0,-1,0
367,0,-1,0,0,-1,0
368,1,282,1,1,287,1
369,1,273,1,1,275,1
370,1,310,3,1,312,3
371,0,-1,0,0,-1,0
372,0,-1,0,0,-1,0
373,0,-1,0,0,-1,0
374,0,-1,0,0,-1,0
375,1,284,1,1,285,1
376,0,-1,0,0,-1,0
377,1,291,1,1,293,1
378,0,-1,0,0,-1,0
379,0,-1,0,0,-1,0
380,0,-1,0,0,-1,0
381,1,319,1,1,369,1
382,0,-1,0,0,-1,0
383,0,-1,0,0,-1,0
384,1,315,1,1,329,1
385,0,-1,0,0,-1,0
386,0,-1,0,0,-1,0
387,0,-1,0,0,-1,0
388,0,-1,0,0,-1,0
389,1,383,1,1,370,1
390,0,-1,0,0,-1,0
391,0,-1,0,0,-1,0
392,0,-1,0,0,-1,0
393,0,-1,0,0,-1,0
394,0,-1,0,0,-1,0
395,0,-1,0,0,-1,0
396,0,-1,0,0,-1,0
397,1,319,1,1,308,1
398,0,-1,0,0,-1,0
399,0,-1,0,0,-1,0
400,0,-1,0,0,-1,0
401,0,-1,0,0,-1,0
402,0,-1,0,0,-1,0
403,0,-1,0,0,-1,0
404,0,-1,0,0,-1,0
405,0,-1,0,0,-1,0
406,0,-1,0,0,-1,0
407,0,-1,0,0,-1,0
408,1,298,1,1,300,3
409,0,-1,0,0,-1,0
410,1,304,1,1,303,1
411,0,-1,0,0,-1,0
412,1,287,1,1,290,1
413,0,-1,0,0,-1,0
414,0,-1,0,0,-1,0
415,0,-1,0,0,-1,0
416,0,-1,0,0,-1,0
417,1,343,3,1,340,1
418,0,-1,0,0,-1,0
419,0,-1,0,0,-1,0
420,1,309,1,1,316,1
421,1,323,1,1,322,1
422,1,282,1,1,283,1
423,0,-1,0,0,-1,0
424,0,-1,0,0,-1,0
425,0,-1,0,0,-1,0
426,0,-1,0,0,-1,0
427,1,357,1,1,357,3
428,0,-1,0,0,-1,0
429,0,-1,0,0,-1,0
430,0,-1,0,0,-1,0
431,1,270,1,1,272,1
432,0,-1,0,0,-1,0
433,0,-1,0,0,-1,0
434,0,-1,0,0,-1,0
435,1,299,1,1,301,3
436,0,-1,0,0,-1,0
437,0,-1,0,0,-1,0
438,0,-1,0,0,-1,0
439,1,266,1,1,270,1
440,0,-1,0,0,-1,0
441,1,293,1,1,295,3
442,1,319,1,1,311,1
443,0,-1,0,0,-1,0
444,0,-1,0,0,-1,0
445,0,-1,0,0,-1,0
446,0,-1,0,0,-1,0
447,0,-1,0,0,-1,0
448,1,349,1,1,359,3
449,0,-1,0,0,-1,0
450,0,-1,0,0,-1,0
451,0,-1,0,0,-1,0
452,0,-1,0,0,-1,0
453,1,277,1,1,275,3
454,0,-1,0,0,-1,0
455,1,279,1,1,280,1
456,0,-1,0,0,-1,0
457,0,-1,0,0,-1,0
458,0,-1,0,0,-1,0
459,0,-1,0,0,-1,0
460,0,-1,0,0,-1,0
461,0,-1,0,0,-1,0
462,0,-1,0,0,-1,0
463,0,-1,0,0,-1,0
464,1,351,1,1,340,1
465,0,-1,0,0,-1,0
466,1,277,1,1,281,1
467,0,-1,0,0,-1,0
468,0,-1,0,0,-1,0
469,0,-1,0,0,-1,0
470,1,284,1,1,286,1
471,0,-1,0,0,-1,0
472,0,-1,0,0,-1,0
473,0,-1,0,0,-1,0
474,0,-1,0,0,-1,0
475,1,307,1,1,324,1
476,0,-1,0,0,-1,0
477,0,-1,0,0,-1,0
478,0,-1,0,0,-1,0
479,0,-1,0,0,-1,0
480,1,299,1,1,302,1
481,0,-1,0,0,-1,0
482,0,-1,0,0,-1,0
483,0,-1,0,0,-1,0
484,1,312,1,1,317,1
485,1,292,1,1,305,1
486,1,289,1,1,312,1
487,0,-1,0,0,-1,0
488,0,-1,0,0,-1,0
489,0,-1,0,0,-1,0
490,0,-1,0,0,-1,0
491,1,286,1,1,286,3
492,0,-1,0,0,-1,0
493,0,-1,0,0,-1,0
494,1,300,1,1,302,1
495,0,-1,0,0,-1,0
496,0,-1,0,0,-1,0
497,0,-1,0,0,-1,0
498,0,-1,0,0,-1,0
499,0,-1,0,0,-1,0
500,0,-1,0,0,-1,0
501,0,-1,0,0,-1,0
502,1,279,1,1,281,1
503,0,-1,0,0,-1,0
504,0,-1,0,0,-1,0
505,0,-1,0,0,-1,0
506,1,291,1,1,291,1
507,0,-1,0,0,-1,0
508,1,348,1,1,346,1
509,1,324,1,1,341,1
510,0,-1,0,0,-1,0
511,0,-1,0,0,-1,0
512,0,-1,0,0,-1,0
513,0,-1,0,0,-1,0
514,0,-1,0,0,-1,0
515,0,-1,0,0,-1,0
516,0,-1,0,0,-1,0
517,1,368,1,1,361,1
518,0,-1,0,0,-1,0
519,0,-1,0,0,-1,0
520,1,278,1,1,284,1
521,1,269,1,1,272,1
522,0,-1,0,0,-1,0
523,0,-1,0,0,-1,0
524,1,280,3,1,283,3
525,0,-1,0,0,-1,0
526,0,-1,0,0,-1,0
527,0,-1,0,0,-1,0
528,1,299,1,1,299,1
529,0,-1,0,0,-1,0
530,1,294,3,1,287,3
531,0,-1,0,0,-1,0
532,0,-1,0,0,-1,0
533,0,-1,0,0,-1,0
534,0,-1,0,0,-1,0
535,0,-1,0,0,-1,0
536,0,-1,0,0,-1,0
537,1,294,1,1,297,1
538,1,290,1,1,292,1
539,0,-1,0,0,-1,0
540,0,-1,0,0,-1,0
541,0,-1,0,0,-1,0
542,0,-1,0,0,-1,0
543,1,311,1,1,329,1
544,0,-1,0,0,-1,0
545,0,-1,0,0,-1,0
546,0,-1,0,0,-1,0
547,0,-1,0,0,-1,0
548,1,271,3,1,274,1
549,0,-1,0,0,-1,0
550,0,-1,0,0,-1,0
551,0,-1,0,0,-1,0
552,0,-1,0,0,-1,0
553,0,-1,0,0,-1,0
554,0,-1,0,0,-1,0
555,0,-1,0,0,-1,0
556,0,-1,0,0,-1,0
557,0,-1,0,0,-1,0
558,1,283,1,1,282,1
559,0,-1,0,0,-1,0
560,0,-1,0,0,-1,0
561,0,-1,0,0,-1,0
562,1,278,1,1,294,1
563,0,-1,0,0,-1,0
564,0,-1,0,0,-1,0
565,1,340,1,1,342,1
566,0,-1,0,0,-1,0
567,0,-1,0,0,-1,0
568,0,-1,0,0,-1,0
569,0,-1,0,0,-1,0
570,0,-1,0,0,-1,0
571,0,-1,0,0,-1,0
572,1,277,1,1,278,1
573,0,-1,0,0,-1,0
574,0,-1,0,0,-1,0
575,0,-1,0,0,-1,0
576,0,-1,0,0,-1,0
577,1,310,1,1,298,1
578,0,-1,0,0,-1,0
579,1,265,1,1,269,1
580,0,-1,0,0,-1,0
581,0,-1,0,0,-1,0
582,0,-1,0,0,-1,0
583,0,-1,0,0,-1,0
584,0,-1,0,0,-1,0
585,1,412,3,0,-1,0
586,0,-1,0,0,-1,0
587,0,-1,0,0,-1,0
588,1,274,3,1,277,3
589,0,-1,0,0,-1,0
590,0,-1,0,0,-1,0
591,0,-1,0,0,-1,0
592,0,-1,0,0,-1,0
593,0,-1,0,0,-1,0
594,0,-1,0,0,-1,0
595,0,-1,0,0,-1,0
596,0,-1,0,0,-1,0
597,0,-1,0,0,-1,0
598,1,298,1,1,295,1
599,1,362,1,1,362,1
600,0,-1,0,0,-1,0
601,0,-1,0,0,-1,0
602,0,-1,0,0,-1,0
603,0,-1,0,0,-1,0
604,0,-1,0,0,-1,0
605,0,-1,0,0,-1,0
606,0,-1,0,0,-1,0
607,0,-1,0,0,-1,0
608,0,-1,0,0,-1,0
609,0,-1,0,0,-1,0
610,0,-1,0,0,-1,0
611,0,-1,0,0,-1,0
612,1,301,1,1,303,1
613,0,-1,0,0,-1,0
614,1,321,1,1,360,1
615,1,306,1,1,305,1
616,0,-1,0,0,-1,0
617,1,304,1,1,300,1
618,1,392,1,1,411,1
619,0,-1,0,0,-1,0
620,0,-1,0,0,-1,0
621,1,316,3,1,326,1
622,1,308,3,1,312,2
623,0,-1,0,0,-1,0
624,0,-1,0,0,-1,0
625,1,321,1,1,323,1
626,0,-1,0,0,-1,0
627,0,-1,0,0,-1,0
628,0,-1,0,0,-1,0
629,0,-1,0,0,-1,0
630,1,286,1,1,295,1
631,1,304,1,1,314,1
632,0,-1,0,0,-1,0
633,0,-1,0,0,-1,0
634,0,-1,0,0,-1,0
635,0,-1,0,0,-1,0
636,0,-1,0,0,-1,0
637,0,-1,0,0,-1,0
638,0,-1,0,0,-1,0
639,1,469,3,0,-1,0
640,0,-1,0,0,-1,0
641,1,269,1,1,272,1
642,0,-1,0,0,-1,0
643,1,325,1,1,325,1
644,0,-1,0,0,-1,0
645,1,284,1,1,284,1
646,1,267,1,0,-1,0
647,0,-1,0,0,-1,0
648,0,-1,0,0,-1,0
649,0,-1,0,0,-1,0
650,0,-1,0,0,-1,0
651,0,-1,0,0,-1,0
652,0,-1,0,0,-1,0
653,0,-1,0,0,-1,0
654,0,-1,0,0,-1,0
655,1,278,1,1,282,3
656,1,276,1,1,276,1
657,0,-1,0,0,-1,0
658,0,-1,0,0,-1,0
659,0,-1,0,0,-1,0
660,1,299,1,1,301,3
661,0,-1,0,0,-1,0
662,0,-1,0,0,-1,0
663,0,-1,0,0,-1,0
664,0,-1,0,0,-1,0
665,1,277,3,1,278,3
666,0,-1,0,0,-1,0
667,0,-1,0,0,-1,0
668,1,299,1,1,300,1
669,0,-1,0,0,-1,0
670,0,-1,0,0,-1,0
671,0,-1,0,0,-1,0
672,0,-1,0,0,-1,0
673,0,-1,0,0,-1,0
674,1,274,1,1,276,1
675,1,296,3,1,299,1
676,0,-1,0,0,-1,0
677,0,-1,0,0,-1,0
678,1,328,1,1,349,3
679,0,-1,0,0,-1,0
680,0,-1,0,0,-1,0
681,0,-1,0,0,-1,0
682,1,280,1,1,282,1
683,1,276,1,1,277,1
684,0,-1,0,0,-1,0
685,1,281,1,1,282,1
686,0,-1,0,0,-1,0
687,1,272,1,1,274,1
688,1,300,1,1,302,1
689,0,-1,0,0,-1,0
690,0,-1,0,0,-1,0
691,0,-1,0,0,-1,0
692,1,281,1,1,283,3
693,0,-1,0,0,-1,0
694,0,-1,0,0,-1,0
695,1,272,1,1,275,1
696,0,-1,0,0,-1,0
697,1,280,1,1,283,3
698,1,312,1,1,313,1
699,0,-1,0,0,-1,0
700,0,-1,0,0,-1,0
701,0,-1,0,0,-1,0
702,0,-1,0,0,-1,0
703,1,278,1,1,318,1
704,1,296,1,1,295,3
705,0,-1,0,0,-1,0
706,0,-1,0,0,-1,0
707,0,-1,0,0,-1,0
708,1,305,1,1,309,3
709,0,-1,0,0,-1,0
710,0,-1,0,0,-1,0
711,0,-1,0,0,-1,0
712,0,-1,0,0,-1,0
713,0,-1,0,0,-1,0
714,1,476,1,1,442,1
715,0,-1,0,0,-1,0
716,1,277,1,1,281,1
717,1,369,1,1,371,3
718,0,-1,0,0,-1,0
719,0,-1,0,0,-1,0
720,1,281,1,1,285,1
721,0,-1,0,0,-1,0
722,1,277,1,1,281,1
723,0,-1,0,0,-1,0
724,1,284,1,1,288,1
725,0,-1,0,0,-1,0
726,0,-1,0,0,-1,0
727,1,270,1,1,278,3
728,0,-1,0,0,-1,0
729,1,290,3,1,291,3
730,1,283,3,1,287,3
731,0,-1,0,0,-1,0
732,1,287,1,1,291,3
733,0,-1,0,0,-1,0
734,0,-1,0,0,-1,0
735,1,300,1,1,302,1
736,0,-1,0,0,-1,0
737,0,-1,0,0,-1,0
738,1,272,1,1,273,1
739,0,-1,0,0,-1,0
740,0,-1,0,0,-1,0
741,1,275,1,1,277,1
742,0,-1,0,0,-1,0
743,1,292,1,1,283,1
744,0,-1,0,0,-1,0
745,0,-1,0,0,-1,0
746,1,288,1,1,283,1
747,1,285,1,1,289,1
748,0,-1,0,0,-1,0
749,0,-1,0,0,-1,0
750,1,265,1,1,268,1
751,0,-1,0,0,-1,0
752,1,431,1,1,460,1
753,1,296,1,1,302,1
754,0,-1,0,0,-1,0
755,0,-1,0,0,-1,0
756,1,295,1,1,297,1
757,0,-1,0,0,-1,0
758,0,-1,0,0,-1,0
759,0,-1,0,0,-1,0
760,0,-1,0,0,-1,0
761,1,291,1,1,288,1
762,1,288,1,1,291,1
763,1,281,1,1,282,1
764,1,270,1,1,271,1
765,0,-1,0,0,-1,0
766,1,309,1,1,311,1
767,1,283,1,1,285,3
768,0,-1,0,0,-1,0
769,0,-1,0,0,-1,0
770,0,-1,0,0,-1,0
771,0,-1,0,0,-1,0
772,0,-1,0,0,-1,0
773,0,-1,0,0,-1,0
774,1,297,3,1,302,1
775,0,-1,0,0,-1,0
776,1,274,1,1,277,1
777,0,-1,0,0,-1,0
778,1,287,1,1,289,1
779,1,279,1,1,282,1
780,0,-1,0,0,-1,0
781,1,288,1,1,290,1
782,0,-1,0,0,-1,0
783,0,-1,0,0,-1,0
784,0,-1,0,0,-1,0
785,0,-1,0,0,-1,0
786,1,311,1,1,311,1
787,0,-1,0,0,-1,0
788,0,-1,0,0,-1,0
789,0,-1,0,0,-1,0
790,1,327,3,1,322,3
791,0,-1,0,0,-1,0
792,1,368,1,1,370,1
793,0,-1,0,0,-1,0
794,0,-1,0,0,-1,0
795,0,-1,0,0,-1,0
796,1,330,1,1,329,1
797,0,-1,0,0,-1,0
798,0,-1,0,0,-1,0
799,0,-1,0,0,-1,0
800,1,302,3,1,300,3
801,0,-1,0,0,-1,0
802,0,-1,0,0,-1,0
803,1,351,1,1,358,3
804,1,279,1,1,292,3
805,1,331,1,1,334,1
806,0,-1,0,0,-1,0
807,0,-1,0,0,-1,0
808,0,-1,0,0,-1,0
809,0,-1,0,0,-1,0
810,1,279,3,1,281,3
811,0,-1,0,0,-1,0
812,0,-1,0,0,-1,0
813,0,-1,0,0,-1,0
814,1,277,1,1,279,1
815,1,563,1,0,-1,0
816,0,-1,0,0,-1,0
817,0,-1,0,0,-1,0
818,1,299,3,1,310,1
819,1,270,3,1,279,1
820,1,307,1,1,305,1
821,1,299,1,1,302,1
822,0,-1,0,0,-1,0
823,0,-1,0,0,-1,0
824,0,-1,0,0,-1,0
825,0,-1,0,0,-1,0
826,0,-1,0,0,-1,0
827,0,-1,0,0,-1,0
828,0,-1,0,0,-1,0
829,0,-1,0,0,-1,0
830,1,268,3,1,272,3
831,0,-1,0,0,-1,0
832,1,315,1,1,320,1
833,0,-1,0,0,-1,0
834,0,-1,0,0,-1,0
835,0,-1,0,0,-1,0
836,1,281,1,1,288,1
837,1,300,1,1,301,3
838,1,262,1,1,265,3
839,1,272,1,1,273,3
840,0,-1,0,0,-1,0
841,0,-1,0,0,-1,0
842,0,-1,0,0,-1,0
843,1,352,1,1,336,1
844,1,276,1,1,278,1
845,0,-1,0,0,-1,0
846,0,-1,0,0,-1,0
847,0,-1,0,0,-1,0
848,1,288,1,1,285,1
849,0,-1,0,0,-1,0
850,0,-1,0,0,-1,0
851,0,-1,0,0,-1,0
852,0,-1,0,0,-1,0
853,0,-1,0,0,-1,0
854,1,324,1,1,324,1
855,0,-1,0,0,-1,0
856,1,325,1,0,-1,0
857,1,306,1,1,321,1
858,1,299,1,1,295,1
859,0,-1,0,0,-1,0
860,0,-1,0,0,-1,0
861,0,-1,0,0,-1,0
862,1,326,1,1,334,3
863,0,-1,0,0,-1,0
864,0,-1,0,0,-1,0
865,0,-1,0,0,-1,0
866,0,-1,0,0,-1,0
867,0,-1,0,0,-1,0
868,1,266,1,1,267,1
869,0,-1,0,0,-1,0
870,1,316,1,1,333,1
871,1,376,1,1,450,3
872,0,-1,0,0,-1,0
873,1,316,1,1,316,1
874,1,298,1,1,300,1
875,1,286,1,0,-1,0
876,0,-1,0,0,-1,0
877,0,-1,0,0,-1,0
878,0,-1,0,0,-1,0
879,0,-1,0,0,-1,0
880,0,-1,0,0,-1,0
881,1,281,1,1,282,3
882,0,-1,0,0,-1,0
883,0,-1,0,0,-1,0
884,0,-1,0,0,-1,0
885,0,-1,0,0,-1,0
886,0,-1,0,0,-1,0
887,0,-1,0,0,-1,0
888,1,287,1,1,287,1
889,0,-1,0,0,-1,0
890,0,-1,0,0,-1,0
891,0,-1,0,0,-1,0
892,0,-1,0,0,-1,0
893,0,-1,0,0,-1,0
894,1,305,1,1,311,1
895,0,-1,0,0,-1,0
896,1,301,1,1,311,1
897,1,282,1,1,282,1
898,1,315,1,1,321,1
899,1,277,3,1,279,3
900,0,-1,0,0,-1,0
901,0,-1,0,0,-1,0
902,0,-1,0,0,-1,0
903,0,-1,0,0,-1,0
904,0,-1,0,0,-1,0
905,0,-1,0,0,-1,0
906,0,-1,0,0,-1,0
907,0,-1,0,0,-1,0
908,0,-1,0,0,-1,0
909,1,290,3,1,289,1
910,1,277,1,1,278,3
911,1,282,3,1,285,3
912,1,371,3,1,393,1
913,0,-1,0,0,-1,0
914,0,-1,0,0,-1,0
915,1,347,1,1,348,1
916,1,278,1,1,278,1
917,1,275,1,1,276,1
918,0,-1,0,0,-1,0
919,1,306,1,1,305,3
920,0,-1,0,0,-1,0
921,1,293,1,1,298,1
922,0,-1,0,0,-1,0
923,0,-1,0,0,-1,0
924,0,-1,0,0,-1,0
925,0,-1,0,0,-1,0
926,1,296,1,1,301,1
927,1,296,1,1,292,1
928,1,306,1,1,482,1
929,1,274,1,1,278,1
930,0,-1,0,0,-1,0
931,0,-1,0,0,-1,0
932,0,-1,0,0,-1,0
933,0,-1,0,0,-1,0
934,1,274,1,1,275,1
935,0,-1,0,0,-1,0
936,1,323,1,1,324,3
937,0,-1,0,0,-1,0
938,0,-1,0,0,-1,0
939,0,-1,0,0,-1,0
940,1,286,1,1,286,3
941,0,-1,0,0,-1,0
942,0,-1,0,0,-1,0
943,0,-1,0,0,-1,0
944,1,315,1,1,318,1
945,0,-1,0,0,-1,0
946,0,-1,0,0,-1,0
947,0,-1,0,0,-1,0
948,1,318,1,1,322,3
949,0,-1,0,0,-1,0
950,0,-1,0,0,-1,0
951,0,-1,0,0,-1,0
952,0,-1,0,0,-1,0
953,1,289,1,1,298,1
954,0,-1,0,0,-1,0
955,0,-1,0,0,-1,0
956,0,-1,0,0,-1,0
957,0,-1,0,0,-1,0
958,0,-1,0,0,-1,0
959,1,291,3,0,-1,0
960,0,-1,0,0,-1,0
961,0,-1,0,0,-1,0
962,0,-1,0,0,-1,0
963,0,-1,0,0,-1,0
964,0,-1,0,0,-1,0
965,0,-1,0,0,-1,0
966,0,-1,0,0,-1,0
967,0,-1,0,0,-1,0
968,0,-1,0,0,-1,0
969,0,-1,0,0,-1,0
970,0,-1,0,0,-1,0
971,0,-1,0,0,-1,0
972,1,279,1,1,277,1
973,0,-1,0,0,-1,0
974,1,270,1,1,273,3
975,1,277,1,1,285,1
976,0,-1,0,0,-1,0
977,0,-1,0,0,-1,0
978,0,-1,0,0,-1,0
979,0,-1,0,0,-1,0
980,0,-1,0,0,-1,0
981,0,-1,0,0,-1,0
982,1,283,1,1,287,1
983,1,284,3,1,290,3
984,0,-1,0,0,-1,0
985,0,-1,0,0,-1,0
986,0,-1,0,0,-1,0
987,0,-1,0,0,-1,0
988,0,-1,0,0,-1,0
989,0,-1,0,0,-1,0
990,0,-1,0,0,-1,0
991,0,-1,0,0,-1,0
992,1,278,1,1,280,1
993,0,-1,0,0,-1,0
994,1,307,1,1,302,3
995,0,-1,0,0,-1,0
996,1,281,3,1,290,3
997,0,-1,0,0,-1,0
998,0,-1,0,0,-1,0
999,0,-1,0,0,-1,0
1000,0,-1,0,0,-1,0
1001,1,281,1,1,284,3
1002,1,275,1,1,275,3
1003,0,-1,0,0,-1,0
1004,1,273,1,1,274,1
1005,1,278,1,1,290,3
1006,1,292,1,1,293,1
1007,0,-1,0,0,-1,0
1008,0,-1,0,0,-1,0
1009,0,-1,0,0,-1,0
1010,0,-1,0,0,-1,0
1011,0,-1,0,0,-1,0
1012,0,-1,0,0,-1,0
1013,0,-1,0,0,-1,0
1014,0,-1,0,0,-1,0
1015,0,-1,0,0,-1,0
1016,1,277,1,1,278,3
1017,0,-1,0,0,-1,0
1018,0,-1,0,0,-1,0
1019,0,-1,0,0,-1,0
1020,0,-1,0,0,-1,0
1021,1,288,3,1,287,1
1022,1,293,1,1,294,1
1023,0,-1,0,0,-1,0
1024,0,-1,0,0,-1,0
1025,1,333,1,1,332,1
1026,0,-1,0,0,-1,0
1027,0,-1,0,0,-1,0
1028,0,-1,0,0,-1,0
1029,0,-1,0,0,-1,0
1030,0,-1,0,0,-1,0
1031,0,-1,0,0,-1,0
1032,1,286,1,1,290,1
1033,1,319,1,1,324,1
1034,0,-1,0,0,-1,0
1035,1,275,1,1,277,1
1036,0,-1,0,0,-1,0
1037,1,351,1,1,341,1
1038,1,273,1,1,277,1
1039,0,-1,0,0,-1,0
1040,0,-1,0,0,-1,0
1041,0,-1,0,0,-1,0
1042,0,-1,0,0,-1,0
1043,1,271,1,1,274,1
1044,0,-1,0,0,-1,0
1045,0,-1,0,0,-1,0
1046,1,270,1,1,271,1
1047,0,-1,0,0,-1,0
1048,0,-1,0,0,-1,0
1049,0,-1,0,0,-1,0
1050,1,272,1,1,278,1
1051,1,291,1,1,311,1
1052,0,-1,0,0,-1,0
1053,0,-1,0,0,-1,0
1054,0,-1,0,0,-1,0
1055,0,-1,0,0,-1,0
1056,1,270,1,1,274,1
1057,0,-1,0,0,-1,0
1058,0,-1,0,0,-1,0
1059,0,-1,0,0,-1,0
1060,0,-1,0,0,-1,0
1061,0,-1,0,0,-1,0
1062,0,-1,0,0,-1,0
1063,1,290,1,0,-1,0
1064,1,363,1,1,376,3
1065,0,-1,0,0,-1,0
1066,0,-1,0,0,-1,0
1067,1,287,1,1,286,1
1068,0,-1,0,0,-1,0
1069,1,294,1,1,291,1
1070,0,-1,0,0,-1,0
1071,0,-1,0,0,-1,0
1072,0,-1,0,0,-1,0
1073,0,-1,0,0,-1,0
1074,0,-1,0,0,-1,0
1075,0,-1,0,0,-1,0
1076,0,-1,0,0,-1,0
1077,1,290,1,1,295,1
1078,0,-1,0,0,-1,0
1079,0,-1,0,0,-1,0
1080,0,-1,0,0,-1,0
1081,0,-1,0,0,-1,0
1082,0,-1,0,0,-1,0
1083,0,-1,0,0,-1,0
1084,0,-1,0,0,-1,0
1085,1,288,1,1,290,1
1086,1,319,1,1,320,1
1087,1,276,1,1,278,1
1088,0,-1,0,0,-1,0
1089,0,-1,0,0,-1,0
1090,0,-1,0,0,-1,0
1091,1,371,1,0,-1,0
1092,0,-1,0,0,-1,0
1093,0,-1,0,0,-1,0
1094,1,297,3,1,294,1
1095,0,-1,0,0,-1,0
1096,0,-1,0,0,-1,0
1097,0,-1,0,0,-1,0
1098,0,-1,0,0,-1,0
1099,1,314,1,1,315,1
1100,1,282,1,1,284,1
1101,1,289,1,1,291,3
1102,0,-1,0,0,-1,0
1103,0,-1,0,0,-1,0
1104,0,-1,0,0,-1,0
1105,0,-1,0,0,-1,0
1106,0,-1,0,0,-1,0
1107,1,371,3,1,359,1
1108,0,-1,0,0,-1,0
1109,1,314,1,1,325,3
1110,0,-1,0,0,-1,0
1111,0,-1,0,0,-1,0
1112,1,324,1,1,340,1
1113,0,-1,0,0,-1,0
1114,0,-1,0,0,-1,0
1115,0,-1,0,0,-1,0
1116,0,-1,0,0,-1,0
1117,0,-1,0,0,-1,0
1118,1,289,1,1,290,1
1119,1,323,1,1,360,1
1120,1,284,1,1,286,1
1121,1,269,1,1,272,3
1122,0,-1,0,0,-1,0
1123,0,-1,0,0,-1,0
1124,0,-1,0,0,-1,0
1125,0,-1,0,0,-1,0
1126,0,-1,0,0,-1,0
1127,1,270,1,1,273,1
1128,0,-1,0,0,-1,0
1129,1,349,1,1,351,3
1130,1,321,1,1,322,1
1131,1,283,1,1,283,1
1132,0,-1,0,0,-1,0
1133,1,313,1,1,317,3
1134,1,272,1,1,274,1
1135,1,263,1,1,265,1
1136,0,-1,0,0,-1,0
1137,1,292,1,1,293,1
1138,0,-1,0,0,-1,0
1139,0,-1,0,0,-1,0
1140,1,338,1,1,333,1
1141,0,-1,0,0,-1,0
1142,1,328,1,1,318,1
1143,0,-1,0,0,-1,0
1144,0,-1,0,0,-1,0
1145,1,364,1,1,362,1
1146,0,-1,0,0,-1,0
1147,1,278,1,1,282,1
1148,0,-1,0,0,-1,0
1149,1,335,1,1,340,1
1150,1,286,1,1,288,1
1151,0,-1,0,0,-1,0
1152,1,301,1,1,301,1
1153,1,285,1,1,287,1
1154,0,-1,0,0,-1,0
1155,0,-1,0,0,-1,0
1156,0,-1,0,0,-1,0
1157,1,283,1,1,286,1
1158,0,-1,0,0,-1,0
1159,0,-1,0,0,-1,0
1160,1,385,1,1,386,3
1161,0,-1,0,0,-1,0
1162,0,-1,0,0,-1,0
1163,0,-1,0,0,-1,0
1164,0,-1,0,0,-1,0
1165,1,304,1,1,305,1
1166,0,-1,0,0,-1,0
1167,0,-1,0,0,-1,0
1168,1,300,1,1,311,1
1169,0,-1,0,0,-1,0
1170,0,-1,0,0,-1,0
1171,0,-1,0,0,-1,0
1172,1,318,1,1,319,1
1173,0,-1,0,0,-1,0
1174,0,-1,0,0,-1,0
1175,1,364,1,0,-1,0
1176,0,-1,0,0,-1,0
1177,1,298,1,1,300,1
1178,0,-1,0,0,-1,0
1179,1,300,1,1,302,1
1180,0,-1,0,0,-1,0
1181,0,-1,0,0,-1,0
1182,0,-1,0,0,-1,0
1183,0,-1,0,0,-1,0
1184,0,-1,0,0,-1,0
1185,0,-1,0,0,-1,0
1186,0,-1,0,0,-1,0
1187,0,-1,0,0,-1,0
1188,0,-1,0,0,-1,0
1189,0,-1,0,0,-1,0
1190,1,307,1,1,310,1
1191,1,316,3,1,313,1
1192,0,-1,0,0,-1,0
1193,0,-1,0,0,-1,0
1194,1,326,1,1,327,1
1195,0,-1,0,0,-1,0
1196,0,-1,0,0,-1,0
1197,0,-1,0,0,-1,0
1198,0,-1,0,0,-1,0
1199,0,-1,0,0,-1,0
1200,1,303,1,1,304,1
1201,0,-1,0,0,-1,0
1202,0,-1,0,0,-1,0
1203,0,-1,0,0,-1,0
1204,0,-1,0,0,-1,0
1205,0,-1,0,0,-1,0
1206,0,-1,0,0,-1,0
1207,0,-1,0,0,-1,0
1208,0,-1,0,0,-1,0
1209,0,-1,0,0,-1,0
1210,0,-1,0,0,-1,0
1211,0,-1,0,0,-1,0
1212,0,-1,0,0,-1,0
1213,0,-1,0,0,-1,0
1214,0,-1,0,0,-1,0
1215,1,297,1,1,303,1
1216,0,-1,0,0,-1,0
1217,1,292,3,1,297,3
1218,0,-1,0,0,-1,0
1219,0,-1,0,0,-1,0
1220,0,-1,0,0,-1,0
1221,1,367,1,1,352,1
1222,0,-1,0,0,-1,0
1223,0,-1,0,0,-1,0
1224,1,329,1,1,336,3
1225,1,273,1,1,276,1
1226,0,-1,0,0,-1,0
1227,0,-1,0,0,-1,0
1228,0,-1,0,0,-1,0
1229,0,-1,0,0,-1,0
1230,0,-1,0,0,-1,0
1231,1,277,3,1,280,3
1232,1,281,1,1,283,1
1233,0,-1,0,0,-1,0
1234,0,-1,0,0,-1,0
1235,1,314,1,1,316,1
1236,0,-1,0,0,-1,0
1237,0,-1,0,0,-1,0
1238,0,-1,0,0,-1,0
1239,1,268,1,1,271,1
1240,0,-1,0,0,-1,0
1241,0,-1,0,0,-1,0
1242,0,-1,0,0,-1,0
1243,0,-1,0,0,-1,0
1244,0,-1,0,0,-1,0
1245,1,302,1,1,306,1
1246,0,-1,0,0,-1,0
1247,1,273,1,1,277,1
1248,1,279,1,1,281,1
1249,0,-1,0,0,-1,0
1250,1,365,1,0,-1,0
1251,1,287,1,1,301,1
1252,0,-1,0,0,-1,0
1253,0,-1,0,0,-1,0
1254,1,472,1,0,-1,0
1255,0,-1,0,0,-1,0
1256,0,-1,0,0,-1,0
1257,0,-1,0,0,-1,0
1258,1,319,1,1,318,3
1259,1,300,1,1,309,1
1260,1,326,1,1,329,3
1261,0,-1,0,0,-1,0
1262,1,290,1,1,293,1
1263,0,-1,0,0,-1,0
1264,0,-1,0,0,-1,0
1265,0,-1,0,0,-1,0
1266,0,-1,0,0,-1,0
1267,1,305,1,1,309,1
1268,0,-1,0,0,-1,0
1269,0,-1,0,0,-1,0
1270,0,-1,0,0,-1,0
1271,0,-1,0,0,-1,0
1272,0,-1,0,0,-1,0
1273,0,-1,0,0,-1,0
1274,0,-1,0,0,-1,0
1275,0,-1,0,0,-1,0
1276,0,-1,0,0,-1,0
1277,1,273,1,1,275,1
1278,0,-1,0,0,-1,0
1279,0,-1,0,0,-1,0
1280,0,-1,0,0,-1,0
1281,1,287,3,1,293,3
1282,0,-1,0,0,-1,0
1283,0,-1,0,0,-1,0
1284,1,403,1,1,428,1
1285,0,-1,0,0,-1,0
1286,0,-1,0,0,-1,0
1287,0,-1,0,0,-1,0
1288,0,-1,0,0,-1,0
1289,1,287,1,1,289,1
1290,0,-1,0,0,-1,0
1291,1,276,3,1,278,3
1292,1,282,1,1,281,1
1293,0,-1,0,0,-1,0
1294,0,-1,0,0,-1,0
1295,0,-1,0,0,-1,0
1296,1,287,1,1,289,1
1297,0,-1,0,0,-1,0
1298,0,-1,0,0,-1,0
1299,0,-1,0,0,-1,0
1300,0,-1,0,0,-1,0
1301,0,-1,0,0,-1,0
1302,1,292,1,1,294,1
1303,1,263,3,1,266,1
1304,0,-1,0,0,-1,0
1305,0,-1,0,0,-1,0
1306,0,-1,0,0,-1,0
1307,0,-1,0,0,-1,0
1308,0,-1,0,0,-1,0
1309,1,330,1,1,333,1
1310,0,-1,0,0,-1,0
1311,1,302,1,1,306,1
1312,1,291,1,1,293,1
1313,1,318,1,1,319,1
1314,0,-1,0,0,-1,0
1315,0,-1,0,0,-1,0
1316,0,-1,0,0,-1,0
1317,0,-1,0,0,-1,0
1318,0,-1,0,0,-1,0
1319,0,-1,0,0,-1,0
1320,0,-1,0,0,-1,0
1321,1,296,1,1,309,3
1322,1,306,1,1,306,1
1323,0,-1,0,0,-1,0
1324,0,-1,0,0,-1,0
1325,0,-1,0,0,-1,0
1326,1,284,1,1,290,1
1327,0,-1,0,0,-1,0
1328,0,-1,0,0,-1,0
1329,0,-1,0,0,-1,0
1330,0,-1,0,0,-1,0
1331,0,-1,0,0,-1,0
1332,0,-1,0,0,-1,0
1333,1,275,1,1,281,1
1334,0,-1,0,0,-1,0
1335,0,-1,0,0,-1,0
1336,0,-1,0,0,-1,0
1337,1,328,1,1,323,1
1338,0,-1,0,0,-1,0
1339,0,-1,0,0,-1,0
1340,0,-1,0,0,-1,0
1341,0,-1,0,0,-1,0
1342,0,-1,0,0,-1,0
1343,0,-1,0,0,-1,0
1344,0,-1,0,0,-1,0
1345,0,-1,0,0,-1,0
1346,0,-1,0,0,-1,0
1347,0,-1,0,0,-1,0
1348,1,279,1,1,284,1
1349,1,318,3,1,317,1
1350,0,-1,0,0,-1,0
1351,0,-1,0,0,-1,0
1352,0,-1,0,0,-1,0
1353,0,-1,0,0,-1,0
1354,0,-1,0,0,-1,0
1355,0,-1,0,0,-1,0
1356,0,-1,0,0,-1,0
1357,0,-1,0,0,-1,0
1358,1,276,1,1,277,1
1359,0,-1,0,0,-1,0
1360,0,-1,0,0,-1,0
1361,0,-1,0,0,-1,0
1362,0,-1,0,0,-1,0
1363,0,-1,0,0,-1,0
1364,0,-1,0,0,-1,0
1365,1,272,1,1,272,1
1366,0,-1,0,0,-1,0
1367,0,-1,0,0,-1,0
1368,1,274,1,0,-1,0
1369,0,-1,0,0,-1,0
1370,0,-1,0,0,-1,0
1371,0,-1,0,0,-1,0
1372,0,-1,0,0,-1,0
1373,1,317,1,1,319,3
1374,0,-1,0,0,-1,0
1375,0,-1,0,0,-1,0
1376,0,-1,0,0,-1,0
1377,0,-1,0,0,-1,0
1378,0,-1,0,0,-1,0
1379,0,-1,0,0,-1,0
1380,0,-1,0,0,-1,0
1381,0,-1,0,0,-1,0
1382,1,277,1,1,281,1
1383,0,-1,0,0,-1,0
1384,0,-1,0,0,-1,0
1385,0,-1,0,0,-1,0
1386,0,-1,0,0,-1,0
1387,1,381,1,1,386,3
1388,0,-1,0,0,-1,0
1389,1,298,1,1,300,1
1390,1,284,3,1,287,1
1391,0,-1,0,0,-1,0
1392,0,-1,0,0,-1,0
1393,1,274,1,1,276,1
1394,0,-1,0,0,-1,0
1395,1,286,1,1,288,1
1396,0,-1,0,0,-1,0
1397,0,-1,0,0,-1,0
1398,1,309,3,1,311,3
1399,0,-1,0,0,-1,0
1400,0,-1,0,0,-1,0
1401,0,-1,0,0,-1,0
1402,0,-1,0,0,-1,0
1403,0,-1,0,0,-1,0
1404,0,-1,0,0,-1,0
1405,0,-1,0,0,-1,0
1406,0,-1,0,0,-1,0
1407,0,-1,0,0,-1,0
1408,0,-1,0,0,-1,0
1409,1,273,1,1,274,1
1410,0,-1,0,0,-1,0
1411,0,-1,0,0,-1,0
1412,0,-1,0,0,-1,0
1413,0,-1,0,0,-1,0
1414,0,-1,0,0,-1,0
1415,0,-1,0,0,-1,0
1416,1,280,1,1,281,3
1417,0,-1,0,0,-1,0
1418,0,-1,0,0,-1,0
1419,0,-1,0,0,-1,0
1420,1,306,1,1,328,3
1421,0,-1,0,0,-1,0
1422,1,292,1,1,294,3
1423,0,-1,0,0,-1,0
1424,0,-1,0,0,-1,0
1425,1,272,1,1,274,1
1426,0,-1,0,0,-1,0
1427,0,-1,0,0,-1,0
1428,0,-1,0,0,-1,0
1429,0,-1,0,0,-1,0
1430,0,-1,0,0,-1,0
1431,0,-1,0,0,-1,0
1432,1,305,1,1,305,1
1433,0,-1,0,0,-1,0
1434,1,290,1,1,292,1
1435,0,-1,0,0,-1,0
1436,0,-1,0,0,-1,0
1437,0,-1,0,0,-1,0
1438,0,-1,0,0,-1,0
1439,0,-1,0,0,-1,0
1440,1,286,1,0,-1,0
1441,1,281,1,1,279,1
1442,0,-1,0,0,-1,0
1443,1,357,1,1,349,1
1444,1,270,1,1,276,1
1445,1,314,3,1,314,3
1446,0,-1,0,0,-1,0
1447,1,294,1,1,297,3
1448,1,280,1,1,283,1
1449,0,-1,0,0,-1,0
1450,1,297,1,1,300,1
1451,0,-1,0,0,-1,0
1452,1,296,1,1,298,1
1453,0,-1,0,0,-1,0
1454,0,-1,0,0,-1,0
1455,1,284,3,1,289,1
1456,0,-1,0,0,-1,0
1457,0,-1,0,0,-1,0
1458,1,271,1,1,272,1
1459,1,358,1,1,350,1
1460,1,356,1,1,372,3
1461,0,-1,0,0,-1,0
1462,1,320,1,1,422,1
1463,1,295,1,1,576,1
1464,0,-1,0,0,-1,0
1465,1,333,1,1,331,1
1466,1,288,3,1,290,3
1467,0,-1,0,0,-1,0
1468,1,295,1,1,298,1
1469,1,284,3,1,284,3
1470,0,-1,0,0,-1,0
1471,0,-1,0,0,-1,0
1472,0,-1,0,0,-1,0
1473,0,-1,0,0,-1,0
1474,1,292,1,1,293,1
1475,1,425,1,1,374,1
1476,1,291,1,1,300,3
1477,0,-1,0,0,-1,0
1478,0,-1,0,0,-1,0
1479,0,-1,0,0,-1,0
1480,0,-1,0,0,-1,0
1481,0,-1,0,0,-1,0
1482,0,-1,0,0,-1,0
1483,0,-1,0,0,-1,0
1484,1,265,1,1,266,1
1485,1,310,1,1,313,1
1486,1,271,1,1,275,3
1487,1,331,1,1,337,3
1488,0,-1,0,0,-1,0
1489,0,-1,0,0,-1,0
1490,1,349,1,1,356,1
1491,1,336,1,1,350,1
1492,0,-1,0,0,-1,0
1493,1,290,3,1,291,3
1494,0,-1,0,0,-1,0
1495,0,-1,0,0,-1,0
1496,0,-1,0,0,-1,0
1497,0,-1,0,0,-1,0
1498,1,335,1,1,350,1
1499,1,271,1,1,273,1
1500,1,290,3,1,291,3
1501,0,-1,0,0,-1,0
1502,0,-1,0,0,-1,0
1503,1,303,1,1,306,1
1504,0,-1,0,0,-1,0
1505,1,322,3,1,315,3
1506,0,-1,0,0,-1,0
1507,0,-1,0,0,-1,0
1508,1,283,3,1,281,1
1509,0,-1,0,0,-1,0
1510,0,-1,0,0,-1,0
1511,0,-1,0,0,-1,0
1512,1,324,1,1,321,1
1513,0,-1,0,0,-1,0
1514,0,-1,0,0,-1,0
1515,0,-1,0,0,-1,0
1516,0,-1,0,0,-1,0
1517,0,-1,0,0,-1,0
1518,0,-1,0,0,-1,0
1519,1,278,1,1,279,3
1520,0,-1,0,0,-1,0
1521,1,294,1,1,298,1
1522,0,-1,0,0,-1,0
1523,1,287,1,1,288,1
1524,0,-1,0,0,-1,0
1525,1,284,1,1,283,1
1526,1,270,1,1,277,1
1527,0,-1,0,0,-1,0
1528,0,-1,0,0,-1,0
1529,0,-1,0,0,-1,0
1530,0,-1,0,0,-1,0
1531,0,-1,0,0,-1,0
1532,0,-1,0,0,-1,0
1533,0,-1,0,0,-1,0
1534,0,-1,0,0,-1,0
1535,0,-1,0,0,-1,0
1536,0,-1,0,0,-1,0
1537,1,282,1,1,302,3
1538,0,-1,0,0,-1,0
1539,0,-1,0,0,-1,0
1540,0,-1,0,0,-1,0
1541,1,302,1,1,301,1
1542,0,-1,0,0,-1,0
1543,1,301,1,1,299,3
1544,1,283,1,1,284,1
1545,1,299,1,1,298,3
1546,1,299,1,1,299,3
1547,0,-1,0,0,-1,0
1548,1,311,1,1,314,1
1549,0,-1,0,0,-1,0
1550,1,291,1,1,292,3
1551,0,-1,0,0,-1,0
1552,0,-1,0,0,-1,0
1553,1,300,1,1,309,1
1554,1,267,1,1,267,1
1555,1,302,3,1,305,3
1556,0,-1,0,0,-1,0
1557,0,-1,0,0,-1,0
1558,1,281,3,0,-1,0
1559,1,288,1,1,289,1
1560,0,-1,0,0,-1,0
1561,0,-1,0,0,-1,0
1562,0,-1,0,0,-1,0
1563,0,-1,0,0,-1,0
1564,1,284,1,1,286,1
1565,1,308,1,1,311,1
1566,1,305,1,1,306,1
1567,1,299,1,1,303,1
1568,0,-1,0,0,-1,0
1569,0,-1,0,0,-1,0
1570,0,-1,0,0,-1,0
1571,0,-1,0,0,-1,0
1572,0,-1,0,0,-1,0
1573,0,-1,0,0,-1,0
1574,0,-1,0,0,-1,0
1575,0,-1,0,0,-1,0
1576,0,-1,0,0,-1,0
1577,0,-1,0,0,-1,0
1578,0,-1,0,0,-1,0
1579,1,312,1,1,312,1
1580,1,279,1,1,279,1
1581,1,275,1,1,276,1
1582,0,-1,0,0,-1,0
1583,0,-1,0,0,-1,0
1584,0,-1,0,0,-1,0
1585,0,-1,0,0,-1,0
1586,0,-1,0,0,-1,0
1587,0,-1,0,0,-1,0
1588,0,-1,0,0,-1,0
1589,1,394,3,0,-1,0
1590,0,-1,0,0,-1,0
1591,1,303,1,1,304,1
1592,1,280,1,1,282,3
1593,0,-1,0,0,-1,0
1594,1,314,1,1,331,1
1595,0,-1,0,0,-1,0
1596,0,-1,0,0,-1,0
1597,0,-1,0,0,-1,0
1598,0,-1,0,0,-1,0
1599,0,-1,0,0,-1,0
1600,1,288,1,1,289,1
1601,0,-1,0,0,-1,0
1602,0,-1,0,0,-1,0
1603,0,-1,0,0,-1,0
1604,0,-1,0,0,-1,0
1605,1,288,1,1,290,1
1606,0,-1,0,0,-1,0
1607,0,-1,0,0,-1,0
1608,1,308,1,1,308,1
1609,0,-1,0,0,-1,0
1610,1,266,1,1,267,3
1611,1,318,1,1,320,1
1612,1,343,1,1,328,1
1613,0,-1,0,0,-1,0
1614,0,-1,0,0,-1,0
1615,0,-1,0,0,-1,0
1616,1,356,1,1,360,1
1617,1,435,3,0,-1,0
1618,1,289,1,1,315,1
1619,1,282,3,1,284,1
1620,1,302,1,1,305,1
1621,1,280,1,1,281,1
1622,0,-1,0,0,-1,0
1623,0,-1,0,0,-1,0
1624,0,-1,0,0,-1,0
1625,0,-1,0,0,-1,0
1626,0,-1,0,0,-1,0
1627,0,-1,0,0,-1,0
1628,1,312,1,1,309,1
1629,0,-1,0,0,-1,0
1630,0,-1,0,0,-1,0
1631,0,-1,0,0,-1,0
1632,0,-1,0,0,-1,0
1633,0,-1,0,0,-1,0
1634,1,310,1,1,304,1
1635,0,-1,0,0,-1,0
1636,1,284,1,1,288,3
1637,0,-1,0,0,-1,0
1638,0,-1,0,0,-1,0
1639,0,-1,0,0,-1,0
1640,0,-1,0,0,-1,0
1641,0,-1,0,0,-1,0
1642,1,289,1,1,294,1
1643,0,-1,0,0,-1,0
1644,0,-1,0,0,-1,0
1645,0,-1,0,0,-1,0
1646,1,273,1,1,275,1
1647,1,276,1,1,281,1
1648,0,-1,0,0,-1,0
1649,0,-1,0,0,-1,0
1650,1,268,1,1,276,1
1651,1,356,1,1,367,1
1652,0,-1,0,0,-1,0
1653,0,-1,0,0,-1,0
1654,1,276,1,1,276,1
1655,1,334,1,1,338,1
1656,0,-1,0,0,-1,0
1657,0,-1,0,0,-1,0
1658,0,-1,0,0,-1,0
1659,0,-1,0,0,-1,0
1660,1,309,1,1,313,1
1661,0,-1,0,0,-1,0
1662,0,-1,0,0,-1,0
1663,0,-1,0,0,-1,0
1664,0,-1,0,0,-1,0
1665,0,-1,0,0,-1,0
1666,0,-1,0,0,-1,0
1667,0,-1,0,0,-1,0
1668,0,-1,0,0,-1,0
1669,0,-1,0,0,-1,0
1670,1,277,1,1,279,3
1671,0,-1,0,0,-1,0
1672,0,-1,0,0,-1,0
1673,0,-1,0,0,-1,0
1674,1,273,1,1,276,1
1675,0,-1,0,0,-1,0
1676,0,-1,0,0,-1,0
1677,0,-1,0,0,-1,0
1678,0,-1,0,0,-1,0
1679,0,-1,0,0,-1,0
1680,1,274,1,1,281,1
1681,0,-1,0,0,-1,0
1682,0,-1,0,0,-1,0
1683,0,-1,0,0,-1,0
1684,1,299,1,1,447,1
1685,1,274,1,1,279,1
1686,0,-1,0,0,-1,0
1687,0,-1,0,0,-1,0
1688,0,-1,0,0,-1,0
1689,1,298,1,1,296,1
1690,1,297,1,1,290,1
1691,0,-1,0,0,-1,0
1692,0,-1,0,0,-1,0
1693,1,400,1,0,-1,0
1694,0,-1,0,0,-1,0
1695,0,-1,0,0,-1,0
1696,1,353,1,1,350,1
1697,0,-1,0,0,-1,0
1698,0,-1,0,0,-1,0
1699,1,267,1,1,270,1
1700,0,-1,0,0,-1,0
1701,0,-1,0,0,-1,0
1702,1,269,1,1,272,1
1703,0,-1,0,0,-1,0
1704,0,-1,0,0,-1,0
1705,0,-1,0,0,-1,0
1706,1,335,1,1,341,3
1707,0,-1,0,0,-1,0
1708,1,302,1,1,302,1
1709,1,362,1,1,348,1
1710,0,-1,0,0,-1,0
1711,0,-1,0,0,-1,0
1712,0,-1,0,0,-1,0
1713,0,-1,0,1,412,1
1714,1,297,1,1,296,1
1715,0,-1,0,0,-1,0
1716,0,-1,0,0,-1,0
1717,1,301,1,1,303,3
1718,0,-1,0,0,-1,0
1719,0,-1,0,0,-1,0
1720,1,306,1,1,306,1
1721,0,-1,0,0,-1,0
1722,1,349,1,1,351,1
1723,0,-1,0,0,-1,0
1724,1,316,1,1,322,3
1725,0,-1,0,0,-1,0
1726,1,275,1,1,313,1
1727,0,-1,0,0,-1,0
1728,0,-1,0,0,-1,0
1729,0,-1,0,0,-1,0
1730,0,-1,0,0,-1,0
1731,1,332,1,1,615,3
1732,1,323,1,1,327,1
1733,1,313,1,1,320,1
1734,0,-1,0,0,-1,0
1735,1,288,1,1,292,1
1736,0,-1,0,0,-1,0
1737,1,295,1,1,287,3
1738,0,-1,0,0,-1,0
1739,0,-1,0,0,-1,0
1740,0,-1,0,0,-1,0
1741,0,-1,0,0,-1,0
1742,1,295,1,1,298,3
1743,0,-1,0,0,-1,0
1744,1,293,1,1,293,3
1745,0,-1,0,0,-1,0
1746,0,-1,0,0,-1,0
1747,1,337,1,1,343,1
1748,0,-1,0,0,-1,0
1749,1,327,1,0,-1,0
1750,0,-1,0,0,-1,0
1751,1,334,1,0,-1,0
1752,0,-1,0,0,-1,0
1753,0,-1,0,0,-1,0
1754,0,-1,0,0,-1,0
1755,0,-1,0,0,-1,0
1756,0,-1,0,0,-1,0
1757,1,297,1,1,297,1
1758,0,-1,0,0,-1,0
1759,0,-1,0,0,-1,0
1760,0,-1,0,0,-1,0
1761,0,-1,0,0,-1,0
1762,0,-1,0,0,-1,0
1763,0,-1,0,0,-1,0
1764,1,276,1,1,279,3
1765,0,-1,0,0,-1,0
1766,0,-1,0,0,-1,0
1767,0,-1,0,0,-1,0
1768,0,-1,0,0,-1,0
1769,0,-1,0,0,-1,0
1770,0,-1,0,0,-1,0
1771,0,-1,0,0,-1,0
1772,0,-1,0,0,-1,0
1773,0,-1,0,0,-1,0
1774,1,322,1,1,325,1
1775,0,-1,0,0,-1,0
1776,0,-1,0,0,-1,0
1777,1,279,1,1,288,1
1778,0,-1,0,0,-1,0
1779,0,-1,0,0,-1,0
1780,0,-1,0,0,-1,0
1781,1,295,1,1,296,1
1782,0,-1,0,0,-1,0
1783,0,-1,0,0,-1,0
1784,1,285,1,1,286,1
1785,0,-1,0,0,-1,0
1786,0,-1,0,0,-1,0
1787,0,-1,0,0,-1,0
1788,1,279,1,1,280,1
1789,0,-1,0,0,-1,0
1790,0,-1,0,0,-1,0
1791,1,315,1,1,327,3
1792,1,352,1,1,354,1
1793,0,-1,0,0,-1,0
1794,0,-1,0,0,-1,0
1795,0,-1,0,0,-1,0
1796,0,-1,0,1,395,1
1797,0,-1,0,0,-1,0
1798,0,-1,0,0,-1,0
1799,0,-1,0,0,-1,0
1800,1,281,1,1,374,1
1801,0,-1,0,0,-1,0
1802,0,-1,0,0,-1,0
1803,0,-1,0,1,381,1
1804,0,-1,0,0,-1,0
1805,0,-1,0,0,-1,0
1806,0,-1,0,0,-1,0
1807,0,-1,0,0,-1,0
1808,1,276,3,1,276,3
1809,1,299,1,0,-1,0
1810,1,285,3,1,290,3
1811,0,-1,0,0,-1,0
1812,0,-1,0,0,-1,0
1813,1,311,1,1,315,1
1814,0,-1,0,0,-1,0
1815,0,-1,0,0,-1,0
1816,1,281,1,1,294,3
1817,1,286,1,1,289,1
1818,0,-1,0,0,-1,0
1819,0,-1,0,0,-1,0
1820,0,-1,0,0,-1,0
1821,0,-1,0,0,-1,0
1822,1,312,1,1,313,1
1823,0,-1,0,0,-1,0
1824,0,-1,0,0,-1,0
1825,0,-1,0,0,-1,0
1826,0,-1,0,0,-1,0
1827,0,-1,0,0,-1,0
1828,1,272,1,0,-1,0
1829,0,-1,0,0,-1,0
1830,0,-1,0,0,-1,0
1831,0,-1,0,0,-1,0
1832,1,336,1,1,349,3
1833,1,303,1,1,300,1
1834,1,266,1,1,267,1
1835,0,-1,0,0,-1,0
1836,0,-1,0,0,-1,0
1837,1,267,1,1,268,1
1838,0,-1,0,0,-1,0
1839,0,-1,0,0,-1,0
1840,0,-1,0,0,-1,0
1841,0,-1,0,0,-1,0
1842,1,331,1,1,324,3
1843,1,296,1,1,296,1
1844,0,-1,0,0,-1,0
1845,0,-1,0,0,-1,0
1846,0,-1,0,0,-1,0
1847,1,285,1,1,302,3
1848,1,272,1,1,276,1
1849,1,290,1,1,292,1
1850,1,319,1,1,317,1
1851,0,-1,0,0,-1,0
1852,0,-1,0,0,-1,0
1853,1,282,3,0,-1,0
1854,1,281,1,1,284,1
1855,1,285,1,1,367,1
1856,0,-1,0,0,-1,0
1857,1,274,1,1,276,1
1858,1,276,1,1,277,1
1859,1,298,1,1,300,1
1860,0,-1,0,0,-1,0
1861,0,-1,0,0,-1,0
1862,0,-1,0,0,-1,0
1863,0,-1,0,0,-1,0
1864,1,329,1,1,327,1
1865,0,-1,0,0,-1,0
1866,0,-1,0,0,-1,0
1867,0,-1,0,0,-1,0
1868,0,-1,0,0,-1,0
1869,0,-1,0,0,-1,0
1870,1,337,3,1,339,3
1871,0,-1,0,0,-1,0
1872,1,324,1,0,-1,0
1873,1,302,1,1,312,1
1874,0,-1,0,0,-1,0
1875,1,302,1,1,303,1
1876,0,-1,0,0,-1,0
1877,0,-1,0,0,-1,0
1878,0,-1,0,0,-1,0
1879,0,-1,0,0,-1,0
1880,1,283,3,1,393,1
1881,0,-1,0,0,-1,0
1882,0,-1,0,0,-1,0
1883,0,-1,0,0,-1,0
1884,0,-1,0,0,-1,0
1885,0,-1,0,0,-1,0
1886,0,-1,0,0,-1,0
1887,0,-1,0,0,-1,0
1888,0,-1,0,0,-1,0
1889,1,281,1,1,287,1
1890,0,-1,0,0,-1,0
1891,0,-1,0,0,-1,0
1892,0,-1,0,0,-1,0
1893,1,280,1,1,295,1
1894,1,301,1,1,304,1
1895,0,-1,0,0,-1,0
1896,0,-1,0,0,-1,0
1897,0,-1,0,0,-1,0
1898,1,364,1,1,362,1
1899,0,-1,0,0,-1,0
1900,0,-1,0,0,-1,0
1901,0,-1,0,0,-1,0
1902,0,-1,0,0,-1,0
1903,0,-1,0,0,-1,0
1904,0,-1,0,0,-1,0
1905,0,-1,0,0,-1,0
1906,0,-1,0,0,-1,0
1907,0,-1,0,0,-1,0
1908,0,-1,0,0,-1,0
1909,0,-1,0,0,-1,0
1910,0,-1,0,0,-1,0
1911,0,-1,0,0,-1,0
1912,0,-1,0,0,-1,0
1913,1,292,1,1,299,1
1914,0,-1,0,0,-1,0
1915,1,302,1,1,306,1
1916,1,315,1,1,316,3
1917,0,-1,0,0,-1,0
1918,1,384,1,1,383,1
1919,1,275,1,1,282,1
1920,0,-1,0,0,-1,0
1921,0,-1,0,0,-1,0
1922,0,-1,0,0,-1,0
1923,0,-1,0,0,-1,0
1924,0,-1,0,0,-1,0
1925,1,278,1,1,280,1
1926,0,-1,0,0,-1,0
1927,0,-1,0,0,-1,0
1928,0,-1,0,0,-1,0
1929,0,-1,0,0,-1,0
1930,0,-1,0,0,-1,0
1931,1,307,1,1,309,3
1932,0,-1,0,0,-1,0
1933,1,266,1,1,275,1
1934,1,283,3,1,283,1
1935,0,-1,0,0,-1,0
1936,1,271,3,1,279,3
1937,1,313,1,1,317,1
1938,0,-1,0,0,-1,0
1939,1,303,1,1,302,3
1940,0,-1,0,0,-1,0
1941,0,-1,0,0,-1,0
1942,0,-1,0,0,-1,0
1943,0,-1,0,0,-1,0
1944,0,-1,0,0,-1,0
1945,1,274,1,1,277,1
1946,0,-1,0,0,-1,0
1947,1,370,1,1,352,1
1948,1,294,3,1,302,3
1949,1,295,3,1,297,3
1950,0,-1,0,0,-1,0
1951,1,275,1,1,481,1
1952,0,-1,0,0,-1,0
1953,0,-1,0,0,-1,0
1954,0,-1,0,0,-1,0
1955,1,315,1,1,318,1
1956,0,-1,0,0,-1,0
1957,0,-1,0,0,-1,0
1958,0,-1,0,0,-1,0
1959,1,265,1,1,266,1
1960,0,-1,0,0,-1,0
1961,0,-1,0,0,-1,0
1962,0,-1,0,0,-1,0
1963,0,-1,0,0,-1,0
1964,0,-1,0,0,-1,0
1965,0,-1,0,0,-1,0
1966,0,-1,0,0,-1,0
1967,0,-1,0,0,-1,0
1968,0,-1,0,0,-1,0
1969,1,330,1,1,337,1
1970,0,-1,0,0,-1,0
1971,0,-1,0,0,-1,0
1972,0,-1,0,0,-1,0
1973,0,-1,0,0,-1,0
1974,1,332,1,1,372,1
1975,0,-1,0,0,-1,0
1976,1,306,3,1,305,3
1977,0,-1,0,0,-1,0
1978,1,290,1,1,292,1
1979,1,311,1,1,313,1
1980,0,-1,0,0,-1,0
1981,0,-1,0,0,-1,0
1982,0,-1,0,0,-1,0
1983,0,-1,0,0,-1,0
1984,0,-1,0,0,-1,0
1985,0,-1,0,0,-1,0
1986,0,-1,0,0,-1,0
1987,1,291,1,1,294,1
1988,0,-1,0,0,-1,0
1989,1,284,1,1,285,1
1990,0,-1,0,0,-1,0
1991,0,-1,0,0,-1,0
1992,0,-1,0,0,-1,0
1993,0,-1,0,0,-1,0
1994,0,-1,0,0,-1,0
1995,1,276,1,1,280,1
1996,0,-1,0,0,-1,0
1997,0,-1,0,0,-1,0
1998,1,286,1,1,287,3
1999,0,-1,0,0,-1,0
