entity,code,year,libdem,foe,csp,J,h,libdem_lag,h_lag,J_lag,delta_libdem,hxJ_lag,libdem_x_J_lag
Germany,DEU,2000,0.86,0.984,0.98,0.016000000000000014,0.98,,,,,,
Germany,DEU,2001,0.86,0.984,0.98,0.016000000000000014,0.98,0.86,0.98,0.016000000000000014,0.0,0.015680000000000013,0.013760000000000012
Germany,DEU,2002,0.859,0.984,0.98,0.016000000000000014,0.98,0.86,0.98,0.016000000000000014,-0.0010000000000000009,0.015680000000000013,0.013760000000000012
Germany,DEU,2003,0.857,0.984,0.98,0.016000000000000014,0.98,0.859,0.98,0.016000000000000014,-0.0020000000000000018,0.015680000000000013,0.013744000000000011
Germany,DEU,2004,0.857,0.984,0.98,0.016000000000000014,0.98,0.857,0.98,0.016000000000000014,0.0,0.015680000000000013,0.013712000000000012
Germany,DEU,2005,0.859,0.984,0.98,0.016000000000000014,0.98,0.857,0.98,0.016000000000000014,0.0020000000000000018,0.015680000000000013,0.013712000000000012
Germany,DEU,2006,0.864,0.984,0.98,0.016000000000000014,0.98,0.859,0.98,0.016000000000000014,0.0050000000000000044,0.015680000000000013,0.013744000000000011
Germany,DEU,2007,0.864,0.984,0.98,0.016000000000000014,0.98,0.864,0.98,0.016000000000000014,0.0,0.015680000000000013,0.013824000000000012
Germany,DEU,2008,0.864,0.984,0.98,0.016000000000000014,0.98,0.864,0.98,0.016000000000000014,0.0,0.015680000000000013,0.013824000000000012
Germany,DEU,2009,0.862,0.984,0.98,0.016000000000000014,0.98,0.864,0.98,0.016000000000000014,-0.0020000000000000018,0.015680000000000013,0.013824000000000012
Germany,DEU,2010,0.862,0.984,0.98,0.016000000000000014,0.98,0.862,0.98,0.016000000000000014,0.0,0.015680000000000013,0.013792000000000013
Germany,DEU,2011,0.864,0.984,0.98,0.016000000000000014,0.98,0.862,0.98,0.016000000000000014,0.0020000000000000018,0.015680000000000013,0.013792000000000013
Germany,DEU,2012,0.863,0.982,0.98,0.018000000000000016,0.98,0.864,0.98,0.016000000000000014,-0.0010000000000000009,0.015680000000000013,0.013824000000000012
Germany,DEU,2013,0.853,0.982,0.98,0.018000000000000016,0.98,0.863,0.98,0.018000000000000016,-0.010000000000000009,0.017640000000000017,0.015534000000000013
Germany,DEU,2014,0.845,0.982,0.98,0.018000000000000016,0.98,0.853,0.98,0.018000000000000016,-0.008000000000000007,0.017640000000000017,0.015354000000000013
Germany,DEU,2015,0.845,0.979,0.98,0.02100000000000002,0.98,0.845,0.98,0.018000000000000016,0.0,0.017640000000000017,0.015210000000000013
Germany,DEU,2016,0.848,0.979,0.98,0.02100000000000002,0.98,0.845,0.98,0.02100000000000002,0.0030000000000000027,0.02058000000000002,0.017745000000000014
Germany,DEU,2017,0.842,0.978,0.98,0.02200000000000002,0.98,0.848,0.98,0.02100000000000002,-0.006000000000000005,0.02058000000000002,0.017808000000000015
Germany,DEU,2018,0.834,0.962,0.98,0.038000000000000034,0.98,0.842,0.98,0.02200000000000002,-0.008000000000000007,0.02156000000000002,0.018524000000000016
Germany,DEU,2019,0.831,0.962,0.98,0.038000000000000034,0.98,0.834,0.98,0.038000000000000034,-0.0030000000000000027,0.03724000000000003,0.031692000000000026
Germany,DEU,2020,0.821,0.956,0.98,0.04400000000000004,0.98,0.831,0.98,0.038000000000000034,-0.010000000000000009,0.03724000000000003,0.03157800000000003
Germany,DEU,2021,0.814,0.956,0.98,0.04400000000000004,0.98,0.821,0.98,0.04400000000000004,-0.007000000000000006,0.04312000000000004,0.03612400000000003
Germany,DEU,2022,0.806,0.945,0.98,0.05500000000000005,0.98,0.814,0.98,0.04400000000000004,-0.007999999999999896,0.04312000000000004,0.03581600000000003
Germany,DEU,2023,0.812,0.945,0.98,0.05500000000000005,0.98,0.806,0.98,0.05500000000000005,0.006000000000000005,0.053900000000000045,0.04433000000000004
Germany,DEU,2024,0.778,0.92,0.979,0.07999999999999996,0.979,0.812,0.98,0.05500000000000005,-0.03400000000000003,0.053900000000000045,0.04466000000000004
Germany,DEU,2025,0.782,0.914,0.979,0.08599999999999997,0.979,0.778,0.979,0.07999999999999996,0.0040000000000000036,0.07831999999999996,0.06223999999999997
Hungary,HUN,2000,0.75,0.949,0.788,0.051000000000000045,0.788,,,,,,
Hungary,HUN,2001,0.75,0.949,0.788,0.051000000000000045,0.788,0.75,0.788,0.051000000000000045,0.0,0.040188000000000036,0.038250000000000034
Hungary,HUN,2002,0.755,0.955,0.788,0.04500000000000004,0.788,0.75,0.788,0.051000000000000045,0.0050000000000000044,0.040188000000000036,0.038250000000000034
Hungary,HUN,2003,0.759,0.955,0.788,0.04500000000000004,0.788,0.755,0.788,0.04500000000000004,0.0040000000000000036,0.03546000000000003,0.03397500000000003
Hungary,HUN,2004,0.759,0.955,0.788,0.04500000000000004,0.788,0.759,0.788,0.04500000000000004,0.0,0.03546000000000003,0.03415500000000003
Hungary,HUN,2005,0.754,0.955,0.775,0.04500000000000004,0.775,0.759,0.788,0.04500000000000004,-0.0050000000000000044,0.03546000000000003,0.03415500000000003
Hungary,HUN,2006,0.742,0.947,0.775,0.05300000000000005,0.775,0.754,0.775,0.04500000000000004,-0.01200000000000001,0.03487500000000003,0.03393000000000003
Hungary,HUN,2007,0.765,0.952,0.775,0.04800000000000004,0.775,0.742,0.775,0.05300000000000005,0.02300000000000002,0.041075000000000035,0.039326000000000035
Hungary,HUN,2008,0.766,0.952,0.775,0.04800000000000004,0.775,0.765,0.775,0.04800000000000004,0.0010000000000000009,0.03720000000000003,0.03672000000000003
Hungary,HUN,2009,0.766,0.952,0.775,0.04800000000000004,0.775,0.766,0.775,0.04800000000000004,0.0,0.03720000000000003,0.03676800000000004
Hungary,HUN,2010,0.677,0.885,0.705,0.11499999999999999,0.705,0.766,0.775,0.04800000000000004,-0.08899999999999997,0.03720000000000003,0.03676800000000004
Hungary,HUN,2011,0.639,0.863,0.668,0.137,0.668,0.677,0.705,0.11499999999999999,-0.038000000000000034,0.081075,0.077855
Hungary,HUN,2012,0.621,0.854,0.668,0.14600000000000002,0.668,0.639,0.668,0.137,-0.018000000000000016,0.09151600000000001,0.08754300000000001
Hungary,HUN,2013,0.575,0.783,0.596,0.21699999999999997,0.596,0.621,0.668,0.14600000000000002,-0.04600000000000004,0.09752800000000002,0.09066600000000001
Hungary,HUN,2014,0.521,0.769,0.561,0.23099999999999998,0.561,0.575,0.596,0.21699999999999997,-0.05399999999999994,0.12933199999999997,0.12477499999999997
Hungary,HUN,2015,0.477,0.707,0.573,0.29300000000000004,0.573,0.521,0.561,0.23099999999999998,-0.04400000000000004,0.129591,0.120351
Hungary,HUN,2016,0.474,0.692,0.573,0.30800000000000005,0.573,0.477,0.573,0.29300000000000004,-0.0030000000000000027,0.167889,0.13976100000000002
Hungary,HUN,2017,0.432,0.646,0.573,0.354,0.573,0.474,0.573,0.30800000000000005,-0.04199999999999998,0.176484,0.145992
Hungary,HUN,2018,0.373,0.584,0.55,0.41600000000000004,0.55,0.432,0.573,0.354,-0.059,0.20284199999999997,0.15292799999999998
Hungary,HUN,2019,0.364,0.578,0.55,0.42200000000000004,0.55,0.373,0.55,0.41600000000000004,-0.009000000000000008,0.22880000000000003,0.155168
Hungary,HUN,2020,0.351,0.542,0.567,0.45799999999999996,0.567,0.364,0.55,0.42200000000000004,-0.013000000000000012,0.23210000000000003,0.15360800000000002
Hungary,HUN,2021,0.346,0.524,0.544,0.476,0.544,0.351,0.567,0.45799999999999996,-0.0050000000000000044,0.259686,0.16075799999999998
Hungary,HUN,2022,0.335,0.507,0.538,0.493,0.538,0.346,0.544,0.476,-0.010999999999999954,0.258944,0.16469599999999998
Hungary,HUN,2023,0.323,0.499,0.486,0.501,0.486,0.335,0.538,0.493,-0.01200000000000001,0.265234,0.165155
Hungary,HUN,2024,0.325,0.512,0.434,0.488,0.434,0.323,0.486,0.501,0.0020000000000000018,0.243486,0.161823
Hungary,HUN,2025,0.315,0.493,0.434,0.507,0.434,0.325,0.434,0.488,-0.010000000000000009,0.21179199999999998,0.1586
India,IND,2000,0.584,0.885,0.814,0.11499999999999999,0.814,,,,,,
India,IND,2001,0.584,0.885,0.814,0.11499999999999999,0.814,0.584,0.814,0.11499999999999999,0.0,0.09360999999999998,0.06716
India,IND,2002,0.587,0.885,0.814,0.11499999999999999,0.814,0.584,0.814,0.11499999999999999,0.0030000000000000027,0.09360999999999998,0.06716
India,IND,2003,0.583,0.892,0.861,0.10799999999999998,0.861,0.587,0.814,0.11499999999999999,-0.0040000000000000036,0.09360999999999998,0.067505
India,IND,2004,0.578,0.885,0.813,0.11499999999999999,0.813,0.583,0.861,0.10799999999999998,-0.0050000000000000044,0.09298799999999999,0.06296399999999999
India,IND,2005,0.573,0.892,0.834,0.10799999999999998,0.834,0.578,0.813,0.11499999999999999,-0.0050000000000000044,0.09349499999999998,0.06646999999999999
India,IND,2006,0.569,0.889,0.834,0.11099999999999999,0.834,0.573,0.834,0.10799999999999998,-0.0040000000000000036,0.09007199999999999,0.06188399999999999
India,IND,2007,0.569,0.889,0.839,0.11099999999999999,0.839,0.569,0.834,0.11099999999999999,0.0,0.09257399999999999,0.06315899999999999
India,IND,2008,0.569,0.889,0.839,0.11099999999999999,0.839,0.569,0.839,0.11099999999999999,0.0,0.09312899999999999,0.06315899999999999
India,IND,2009,0.539,0.885,0.839,0.11499999999999999,0.839,0.569,0.839,0.11099999999999999,-0.029999999999999916,0.09312899999999999,0.06315899999999999
India,IND,2010,0.532,0.889,0.839,0.11099999999999999,0.839,0.539,0.839,0.11499999999999999,-0.007000000000000006,0.09648499999999999,0.061985
India,IND,2011,0.532,0.889,0.83,0.11099999999999999,0.83,0.532,0.839,0.11099999999999999,0.0,0.09312899999999999,0.05905199999999999
India,IND,2012,0.525,0.874,0.844,0.126,0.844,0.532,0.83,0.11099999999999999,-0.007000000000000006,0.09212999999999999,0.05905199999999999
India,IND,2013,0.522,0.869,0.828,0.131,0.828,0.525,0.844,0.126,-0.0030000000000000027,0.106344,0.06615
India,IND,2014,0.488,0.812,0.696,0.18799999999999994,0.696,0.522,0.828,0.131,-0.03400000000000003,0.108468,0.06838200000000001
India,IND,2015,0.417,0.658,0.633,0.34199999999999997,0.633,0.488,0.696,0.18799999999999994,-0.07100000000000001,0.13084799999999996,0.09174399999999996
India,IND,2016,0.406,0.612,0.627,0.388,0.627,0.417,0.633,0.34199999999999997,-0.010999999999999954,0.21648599999999998,0.142614
India,IND,2017,0.371,0.568,0.617,0.43200000000000005,0.617,0.406,0.627,0.388,-0.03500000000000003,0.24327600000000002,0.15752800000000003
India,IND,2018,0.363,0.546,0.625,0.45399999999999996,0.625,0.371,0.617,0.43200000000000005,-0.008000000000000007,0.266544,0.16027200000000003
India,IND,2019,0.324,0.527,0.622,0.473,0.622,0.363,0.625,0.45399999999999996,-0.03899999999999998,0.28374999999999995,0.16480199999999998
India,IND,2020,0.292,0.449,0.636,0.5509999999999999,0.636,0.324,0.622,0.473,-0.03200000000000003,0.29420599999999997,0.153252
India,IND,2021,0.307,0.466,0.627,0.534,0.627,0.292,0.636,0.5509999999999999,0.015000000000000013,0.35043599999999997,0.16089199999999998
India,IND,2022,0.291,0.442,0.689,0.558,0.689,0.307,0.627,0.534,-0.016000000000000014,0.334818,0.163938
India,IND,2023,0.273,0.422,0.605,0.5780000000000001,0.605,0.291,0.689,0.558,-0.01799999999999996,0.384462,0.162378
India,IND,2024,0.281,0.477,0.647,0.523,0.647,0.273,0.605,0.5780000000000001,0.008000000000000007,0.34969000000000006,0.15779400000000002
India,IND,2025,0.26,0.458,0.694,0.542,0.694,0.281,0.647,0.523,-0.02100000000000002,0.33838100000000004,0.146963
Poland,POL,2000,0.8,0.964,0.869,0.03600000000000003,0.869,,,,,,
Poland,POL,2001,0.806,0.964,0.869,0.03600000000000003,0.869,0.8,0.869,0.03600000000000003,0.006000000000000005,0.03128400000000003,0.028800000000000027
Poland,POL,2002,0.813,0.964,0.869,0.03600000000000003,0.869,0.806,0.869,0.03600000000000003,0.006999999999999895,0.03128400000000003,0.029016000000000028
Poland,POL,2003,0.813,0.964,0.869,0.03600000000000003,0.869,0.813,0.869,0.03600000000000003,0.0,0.03128400000000003,0.029268000000000023
Poland,POL,2004,0.813,0.964,0.869,0.03600000000000003,0.869,0.813,0.869,0.03600000000000003,0.0,0.03128400000000003,0.029268000000000023
Poland,POL,2005,0.815,0.964,0.869,0.03600000000000003,0.869,0.813,0.869,0.03600000000000003,0.0020000000000000018,0.03128400000000003,0.029268000000000023
Poland,POL,2006,0.807,0.95,0.856,0.050000000000000044,0.856,0.815,0.869,0.03600000000000003,-0.007999999999999896,0.03128400000000003,0.029340000000000026
Poland,POL,2007,0.803,0.95,0.856,0.050000000000000044,0.856,0.807,0.856,0.050000000000000044,-0.0040000000000000036,0.04280000000000004,0.04035000000000004
Poland,POL,2008,0.825,0.973,0.856,0.027000000000000024,0.856,0.803,0.856,0.050000000000000044,0.02199999999999991,0.04280000000000004,0.04015000000000004
Poland,POL,2009,0.825,0.973,0.861,0.027000000000000024,0.861,0.825,0.856,0.027000000000000024,0.0,0.02311200000000002,0.022275000000000017
Poland,POL,2010,0.827,0.971,0.889,0.029000000000000026,0.889,0.825,0.861,0.027000000000000024,0.0020000000000000018,0.02324700000000002,0.022275000000000017
Poland,POL,2011,0.827,0.971,0.863,0.029000000000000026,0.863,0.827,0.889,0.029000000000000026,0.0,0.025781000000000023,0.02398300000000002
Poland,POL,2012,0.825,0.971,0.838,0.029000000000000026,0.838,0.827,0.863,0.029000000000000026,-0.0020000000000000018,0.02502700000000002,0.02398300000000002
Poland,POL,2013,0.821,0.97,0.845,0.030000000000000027,0.845,0.825,0.838,0.029000000000000026,-0.0040000000000000036,0.02430200000000002,0.02392500000000002
Poland,POL,2014,0.812,0.97,0.845,0.030000000000000027,0.845,0.821,0.845,0.030000000000000027,-0.008999999999999897,0.025350000000000022,0.02463000000000002
Poland,POL,2015,0.775,0.951,0.753,0.049000000000000044,0.753,0.812,0.845,0.030000000000000027,-0.03700000000000003,0.025350000000000022,0.024360000000000024
Poland,POL,2016,0.598,0.722,0.681,0.278,0.681,0.775,0.753,0.049000000000000044,-0.17700000000000005,0.036897000000000034,0.037975000000000037
Poland,POL,2017,0.542,0.692,0.637,0.30800000000000005,0.637,0.598,0.681,0.278,-0.05599999999999994,0.18931800000000004,0.166244
Poland,POL,2018,0.524,0.692,0.634,0.30800000000000005,0.634,0.542,0.637,0.30800000000000005,-0.018000000000000016,0.19619600000000004,0.16693600000000003
Poland,POL,2019,0.505,0.68,0.634,0.31999999999999995,0.634,0.524,0.634,0.30800000000000005,-0.019000000000000017,0.19527200000000003,0.16139200000000004
Poland,POL,2020,0.45,0.68,0.621,0.31999999999999995,0.621,0.505,0.634,0.31999999999999995,-0.05499999999999999,0.20287999999999998,0.16159999999999997
Poland,POL,2021,0.424,0.635,0.571,0.365,0.571,0.45,0.621,0.31999999999999995,-0.026000000000000023,0.19871999999999998,0.144
Poland,POL,2022,0.417,0.606,0.556,0.394,0.556,0.424,0.571,0.365,-0.007000000000000006,0.208415,0.15475999999999998
Poland,POL,2023,0.457,0.659,0.539,0.34099999999999997,0.539,0.417,0.556,0.394,0.040000000000000036,0.21906400000000004,0.164298
Poland,POL,2024,0.613,0.911,0.729,0.08899999999999997,0.729,0.457,0.539,0.34099999999999997,0.15599999999999997,0.183799,0.155837
Poland,POL,2025,0.645,0.917,0.729,0.08299999999999996,0.729,0.613,0.729,0.08899999999999997,0.03200000000000003,0.06488099999999998,0.05455699999999998
Russia,RUS,2000,0.223,0.602,0.54,0.398,0.54,,,,,,
Russia,RUS,2001,0.201,0.548,0.499,0.45199999999999996,0.499,0.223,0.54,0.398,-0.021999999999999992,0.21492000000000003,0.088754
Russia,RUS,2002,0.175,0.52,0.442,0.48,0.442,0.201,0.499,0.45199999999999996,-0.026000000000000023,0.22554799999999997,0.090852
Russia,RUS,2003,0.165,0.478,0.442,0.522,0.442,0.175,0.442,0.48,-0.009999999999999981,0.21216,0.08399999999999999
Russia,RUS,2004,0.153,0.458,0.442,0.542,0.442,0.165,0.442,0.522,-0.01200000000000001,0.230724,0.08613000000000001
Russia,RUS,2005,0.149,0.455,0.4,0.5449999999999999,0.4,0.153,0.442,0.542,-0.0040000000000000036,0.23956400000000003,0.082926
Russia,RUS,2006,0.15,0.452,0.4,0.548,0.4,0.149,0.4,0.5449999999999999,0.0010000000000000009,0.21799999999999997,0.08120499999999999
Russia,RUS,2007,0.146,0.444,0.406,0.556,0.406,0.15,0.4,0.548,-0.0040000000000000036,0.21920000000000003,0.08220000000000001
Russia,RUS,2008,0.139,0.433,0.423,0.567,0.423,0.146,0.406,0.556,-0.0069999999999999785,0.22573600000000005,0.081176
Russia,RUS,2009,0.141,0.444,0.423,0.556,0.423,0.139,0.423,0.567,0.001999999999999974,0.23984099999999997,0.078813
Russia,RUS,2010,0.135,0.441,0.414,0.5589999999999999,0.414,0.141,0.423,0.556,-0.005999999999999978,0.235188,0.078396
Russia,RUS,2011,0.134,0.429,0.422,0.571,0.422,0.135,0.414,0.5589999999999999,-0.0010000000000000009,0.23142599999999997,0.07546499999999999
Russia,RUS,2012,0.122,0.381,0.398,0.619,0.398,0.134,0.422,0.571,-0.01200000000000001,0.24096199999999998,0.076514
Russia,RUS,2013,0.116,0.363,0.359,0.637,0.359,0.122,0.398,0.619,-0.0059999999999999915,0.246362,0.075518
Russia,RUS,2014,0.109,0.318,0.318,0.6819999999999999,0.318,0.116,0.359,0.637,-0.007000000000000006,0.228683,0.073892
Russia,RUS,2015,0.109,0.311,0.318,0.6890000000000001,0.318,0.109,0.318,0.6819999999999999,0.0,0.21687599999999999,0.07433799999999999
Russia,RUS,2016,0.106,0.306,0.318,0.694,0.318,0.109,0.318,0.6890000000000001,-0.0030000000000000027,0.21910200000000002,0.075101
Russia,RUS,2017,0.107,0.303,0.318,0.6970000000000001,0.318,0.106,0.318,0.694,0.0010000000000000009,0.220692,0.07356399999999999
Russia,RUS,2018,0.107,0.305,0.334,0.6950000000000001,0.334,0.107,0.318,0.6970000000000001,0.0,0.22164600000000004,0.074579
Russia,RUS,2019,0.105,0.303,0.326,0.6970000000000001,0.326,0.107,0.334,0.6950000000000001,-0.0020000000000000018,0.23213000000000003,0.074365
Russia,RUS,2020,0.097,0.288,0.348,0.712,0.348,0.105,0.326,0.6970000000000001,-0.007999999999999993,0.22722200000000004,0.073185
Russia,RUS,2021,0.094,0.271,0.286,0.729,0.286,0.097,0.348,0.712,-0.0030000000000000027,0.24777599999999997,0.069064
Russia,RUS,2022,0.07,0.156,0.19,0.844,0.19,0.094,0.286,0.729,-0.023999999999999994,0.20849399999999998,0.068526
Russia,RUS,2023,0.065,0.097,0.125,0.903,0.125,0.07,0.19,0.844,-0.0050000000000000044,0.16036,0.05908
Russia,RUS,2024,0.057,0.08,0.139,0.92,0.139,0.065,0.125,0.903,-0.008,0.112875,0.058695000000000004
Russia,RUS,2025,0.056,0.08,0.202,0.92,0.202,0.057,0.139,0.92,-0.0010000000000000009,0.12788000000000002,0.05244000000000001
Sweden,SWE,2000,0.876,0.97,0.948,0.030000000000000027,0.948,,,,,,
Sweden,SWE,2001,0.876,0.97,0.948,0.030000000000000027,0.948,0.876,0.948,0.030000000000000027,0.0,0.028440000000000024,0.026280000000000022
Sweden,SWE,2002,0.876,0.97,0.948,0.030000000000000027,0.948,0.876,0.948,0.030000000000000027,0.0,0.028440000000000024,0.026280000000000022
Sweden,SWE,2003,0.877,0.97,0.948,0.030000000000000027,0.948,0.876,0.948,0.030000000000000027,0.0010000000000000009,0.028440000000000024,0.026280000000000022
Sweden,SWE,2004,0.877,0.97,0.948,0.030000000000000027,0.948,0.877,0.948,0.030000000000000027,0.0,0.028440000000000024,0.026310000000000024
Sweden,SWE,2005,0.877,0.97,0.948,0.030000000000000027,0.948,0.877,0.948,0.030000000000000027,0.0,0.028440000000000024,0.026310000000000024
Sweden,SWE,2006,0.879,0.97,0.948,0.030000000000000027,0.948,0.877,0.948,0.030000000000000027,0.0020000000000000018,0.028440000000000024,0.026310000000000024
Sweden,SWE,2007,0.881,0.97,0.948,0.030000000000000027,0.948,0.879,0.948,0.030000000000000027,0.0020000000000000018,0.028440000000000024,0.026370000000000022
Sweden,SWE,2008,0.881,0.97,0.948,0.030000000000000027,0.948,0.881,0.948,0.030000000000000027,0.0,0.028440000000000024,0.026430000000000023
Sweden,SWE,2009,0.881,0.97,0.948,0.030000000000000027,0.948,0.881,0.948,0.030000000000000027,0.0,0.028440000000000024,0.026430000000000023
Sweden,SWE,2010,0.881,0.97,0.948,0.030000000000000027,0.948,0.881,0.948,0.030000000000000027,0.0,0.028440000000000024,0.026430000000000023
Sweden,SWE,2011,0.881,0.97,0.948,0.030000000000000027,0.948,0.881,0.948,0.030000000000000027,0.0,0.028440000000000024,0.026430000000000023
Sweden,SWE,2012,0.886,0.973,0.948,0.027000000000000024,0.948,0.881,0.948,0.030000000000000027,0.0050000000000000044,0.028440000000000024,0.026430000000000023
Sweden,SWE,2013,0.885,0.972,0.95,0.028000000000000025,0.95,0.886,0.948,0.027000000000000024,-0.0010000000000000009,0.02559600000000002,0.023922000000000023
Sweden,SWE,2014,0.885,0.974,0.95,0.026000000000000023,0.95,0.885,0.95,0.028000000000000025,0.0,0.026600000000000023,0.02478000000000002
Sweden,SWE,2015,0.881,0.974,0.95,0.026000000000000023,0.95,0.885,0.95,0.026000000000000023,-0.0040000000000000036,0.02470000000000002,0.02301000000000002
Sweden,SWE,2016,0.88,0.972,0.95,0.028000000000000025,0.95,0.881,0.95,0.026000000000000023,-0.0010000000000000009,0.02470000000000002,0.02290600000000002
Sweden,SWE,2017,0.88,0.972,0.942,0.028000000000000025,0.942,0.88,0.95,0.028000000000000025,0.0,0.026600000000000023,0.024640000000000023
Sweden,SWE,2018,0.875,0.966,0.942,0.03400000000000003,0.942,0.88,0.942,0.028000000000000025,-0.0050000000000000044,0.02637600000000002,0.024640000000000023
Sweden,SWE,2019,0.866,0.966,0.946,0.03400000000000003,0.946,0.875,0.942,0.03400000000000003,-0.009000000000000008,0.03202800000000003,0.029750000000000026
Sweden,SWE,2020,0.868,0.966,0.946,0.03400000000000003,0.946,0.866,0.946,0.03400000000000003,0.0020000000000000018,0.032164000000000026,0.029444000000000026
Sweden,SWE,2021,0.866,0.968,0.946,0.03200000000000003,0.946,0.868,0.946,0.03400000000000003,-0.0020000000000000018,0.032164000000000026,0.029512000000000024
Sweden,SWE,2022,0.861,0.964,0.946,0.03600000000000003,0.946,0.866,0.946,0.03200000000000003,-0.0050000000000000044,0.030272000000000025,0.027712000000000025
Sweden,SWE,2023,0.849,0.95,0.939,0.050000000000000044,0.939,0.861,0.946,0.03600000000000003,-0.01200000000000001,0.03405600000000003,0.030996000000000027
Sweden,SWE,2024,0.846,0.946,0.939,0.05400000000000005,0.939,0.849,0.939,0.050000000000000044,-0.0030000000000000027,0.04695000000000004,0.042450000000000036
Sweden,SWE,2025,0.853,0.946,0.939,0.05400000000000005,0.939,0.846,0.939,0.05400000000000005,0.007000000000000006,0.05070600000000004,0.04568400000000004
Turkey,TUR,2000,0.425,0.681,0.497,0.31899999999999995,0.497,,,,,,
Turkey,TUR,2001,0.431,0.687,0.548,0.31299999999999994,0.548,0.425,0.497,0.31899999999999995,0.006000000000000005,0.15854299999999996,0.13557499999999997
Turkey,TUR,2002,0.487,0.737,0.63,0.263,0.63,0.431,0.548,0.31299999999999994,0.055999999999999994,0.17152399999999998,0.13490299999999997
Turkey,TUR,2003,0.498,0.74,0.636,0.26,0.636,0.487,0.63,0.263,0.01100000000000001,0.16569,0.128081
Turkey,TUR,2004,0.502,0.749,0.636,0.251,0.636,0.498,0.636,0.26,0.0040000000000000036,0.16536,0.12948
Turkey,TUR,2005,0.484,0.718,0.636,0.28200000000000003,0.636,0.502,0.636,0.251,-0.018000000000000016,0.159636,0.126002
Turkey,TUR,2006,0.483,0.718,0.636,0.28200000000000003,0.636,0.484,0.636,0.28200000000000003,-0.0010000000000000009,0.179352,0.136488
Turkey,TUR,2007,0.461,0.708,0.649,0.29200000000000004,0.649,0.483,0.636,0.28200000000000003,-0.021999999999999964,0.179352,0.13620600000000002
Turkey,TUR,2008,0.411,0.633,0.628,0.367,0.628,0.461,0.649,0.29200000000000004,-0.050000000000000044,0.18950800000000004,0.134612
Turkey,TUR,2009,0.403,0.623,0.649,0.377,0.649,0.411,0.628,0.367,-0.007999999999999952,0.230476,0.150837
Turkey,TUR,2010,0.36,0.547,0.615,0.45299999999999996,0.615,0.403,0.649,0.377,-0.04300000000000004,0.244673,0.151931
Turkey,TUR,2011,0.354,0.536,0.615,0.46399999999999997,0.615,0.36,0.615,0.45299999999999996,-0.006000000000000005,0.278595,0.16307999999999997
Turkey,TUR,2012,0.346,0.527,0.615,0.473,0.615,0.354,0.615,0.46399999999999997,-0.008000000000000007,0.28536,0.16425599999999999
Turkey,TUR,2013,0.289,0.446,0.531,0.554,0.531,0.346,0.615,0.473,-0.056999999999999995,0.29089499999999996,0.16365799999999997
Turkey,TUR,2014,0.252,0.368,0.531,0.632,0.531,0.289,0.531,0.554,-0.03699999999999998,0.29417400000000005,0.160106
Turkey,TUR,2015,0.23,0.352,0.526,0.648,0.526,0.252,0.531,0.632,-0.021999999999999992,0.335592,0.159264
Turkey,TUR,2016,0.143,0.218,0.357,0.782,0.357,0.23,0.526,0.648,-0.08700000000000002,0.34084800000000004,0.14904
Turkey,TUR,2017,0.101,0.18,0.325,0.8200000000000001,0.325,0.143,0.357,0.782,-0.04199999999999998,0.279174,0.111826
Turkey,TUR,2018,0.104,0.198,0.325,0.802,0.325,0.101,0.325,0.8200000000000001,0.002999999999999989,0.2665,0.08282
Turkey,TUR,2019,0.107,0.191,0.398,0.8089999999999999,0.398,0.104,0.325,0.802,0.0030000000000000027,0.26065000000000005,0.083408
Turkey,TUR,2020,0.115,0.19,0.398,0.81,0.398,0.107,0.398,0.8089999999999999,0.008000000000000007,0.321982,0.08656299999999999
Turkey,TUR,2021,0.113,0.189,0.389,0.8109999999999999,0.389,0.115,0.398,0.81,-0.0020000000000000018,0.32238000000000006,0.09315000000000001
Turkey,TUR,2022,0.11,0.18,0.357,0.8200000000000001,0.357,0.113,0.389,0.8109999999999999,-0.0030000000000000027,0.315479,0.091643
Turkey,TUR,2023,0.108,0.177,0.364,0.823,0.364,0.11,0.357,0.8200000000000001,-0.0020000000000000018,0.29274,0.0902
Turkey,TUR,2024,0.109,0.183,0.364,0.817,0.364,0.108,0.364,0.823,0.0010000000000000009,0.29957199999999995,0.08888399999999999
Turkey,TUR,2025,0.11,0.179,0.355,0.821,0.355,0.109,0.364,0.817,0.0010000000000000009,0.297388,0.089053
Venezuela,VEN,2000,0.31,0.685,0.609,0.31499999999999995,0.609,,,,,,
Venezuela,VEN,2001,0.288,0.681,0.609,0.31899999999999995,0.609,0.31,0.609,0.31499999999999995,-0.02200000000000002,0.19183499999999995,0.09764999999999999
Venezuela,VEN,2002,0.255,0.664,0.605,0.33599999999999997,0.605,0.288,0.609,0.31899999999999995,-0.032999999999999974,0.19427099999999997,0.09187199999999998
Venezuela,VEN,2003,0.243,0.652,0.582,0.348,0.582,0.255,0.605,0.33599999999999997,-0.01200000000000001,0.20327999999999996,0.08567999999999999
Venezuela,VEN,2004,0.216,0.638,0.582,0.362,0.582,0.243,0.582,0.348,-0.026999999999999996,0.20253599999999997,0.08456399999999999
Venezuela,VEN,2005,0.182,0.638,0.584,0.362,0.584,0.216,0.582,0.362,-0.034,0.21068399999999998,0.078192
Venezuela,VEN,2006,0.168,0.628,0.571,0.372,0.571,0.182,0.584,0.362,-0.013999999999999985,0.21140799999999998,0.065884
Venezuela,VEN,2007,0.162,0.602,0.599,0.398,0.599,0.168,0.571,0.372,-0.006000000000000005,0.212412,0.062496
Venezuela,VEN,2008,0.159,0.59,0.59,0.41000000000000003,0.59,0.162,0.599,0.398,-0.0030000000000000027,0.238402,0.064476
Venezuela,VEN,2009,0.16,0.591,0.576,0.40900000000000003,0.576,0.159,0.59,0.41000000000000003,0.0010000000000000009,0.2419,0.06519000000000001
Venezuela,VEN,2010,0.154,0.58,0.623,0.42000000000000004,0.623,0.16,0.576,0.40900000000000003,-0.006000000000000005,0.235584,0.06544000000000001
Venezuela,VEN,2011,0.152,0.582,0.627,0.41800000000000004,0.627,0.154,0.623,0.42000000000000004,-0.0020000000000000018,0.26166,0.06468
Venezuela,VEN,2012,0.145,0.571,0.593,0.42900000000000005,0.593,0.152,0.627,0.41800000000000004,-0.007000000000000006,0.26208600000000004,0.06353600000000001
Venezuela,VEN,2013,0.109,0.43,0.506,0.5700000000000001,0.506,0.145,0.593,0.42900000000000005,-0.03599999999999999,0.25439700000000004,0.062205
Venezuela,VEN,2014,0.102,0.392,0.481,0.608,0.481,0.109,0.506,0.5700000000000001,-0.007000000000000006,0.28842,0.062130000000000005
Venezuela,VEN,2015,0.103,0.354,0.476,0.646,0.476,0.102,0.481,0.608,0.0010000000000000009,0.292448,0.062015999999999995
Venezuela,VEN,2016,0.118,0.345,0.486,0.655,0.486,0.103,0.476,0.646,0.015,0.307496,0.066538
Venezuela,VEN,2017,0.082,0.305,0.439,0.6950000000000001,0.439,0.118,0.486,0.655,-0.03599999999999999,0.31833,0.07729
Venezuela,VEN,2018,0.061,0.234,0.39,0.766,0.39,0.082,0.439,0.6950000000000001,-0.021000000000000005,0.305105,0.056990000000000006
Venezuela,VEN,2019,0.06,0.241,0.436,0.759,0.436,0.061,0.39,0.766,-0.0010000000000000009,0.29874,0.046726
Venezuela,VEN,2020,0.056,0.254,0.393,0.746,0.393,0.06,0.436,0.759,-0.003999999999999997,0.330924,0.04554
Venezuela,VEN,2021,0.056,0.247,0.399,0.753,0.399,0.056,0.393,0.746,0.0,0.293178,0.041776
Venezuela,VEN,2022,0.054,0.248,0.345,0.752,0.345,0.056,0.399,0.753,-0.0020000000000000018,0.300447,0.042168000000000004
Venezuela,VEN,2023,0.053,0.231,0.356,0.769,0.356,0.054,0.345,0.752,-0.0010000000000000009,0.25944,0.040608
Venezuela,VEN,2024,0.046,0.211,0.38,0.789,0.38,0.053,0.356,0.769,-0.006999999999999999,0.273764,0.040757
Venezuela,VEN,2025,0.042,0.148,0.38,0.852,0.38,0.046,0.38,0.789,-0.003999999999999997,0.29982000000000003,0.036294
