J,summary,arm_lo,arm_hi,d_amp,d_amp_ci_lo,d_amp_ci_hi,amp_resolved,p_lo,p_hi,d_p,d_p_ci_lo,d_p_ci_hi,p_resolved,is_violation,violation_resolved
4.0,full_mean,passive,stress_a0.05,0.18262372645891745,0.1438242099010903,0.22506892574486864,True,0.257,0.2395,-0.017500000000000016,-0.02350000000000002,-0.011987500000000165,True,False,False
4.0,full_mean,stress_a0.05,stress_a2.0,0.5096716543952269,0.4551263356035401,0.5667193813346646,True,0.2395,0.0,-0.2395,-0.2585,-0.221,True,False,False
4.0,full_mean,stress_a2.0,quadratic,7.738583717827595,7.6418145761695975,7.829502156517959,True,0.0,0.162,0.162,0.146,0.1785,True,True,True
4.0,full_mean,quadratic,coupling_a0.7,28.942469656352266,28.84503550472626,29.040027608558024,True,0.162,0.0155,-0.14650000000000002,-0.16199999999999998,-0.131,True,False,False
4.0,win_mean,passive,stress_a0.05,0.021983759757132182,0.020600427989799892,0.02338588615707933,True,0.257,0.2395,-0.017500000000000016,-0.02350000000000002,-0.011987500000000165,True,False,False
4.0,win_mean,stress_a0.05,quadratic,0.26586331288832743,0.2638324419475671,0.26786268079896125,True,0.2395,0.162,-0.07749999999999999,-0.0895,-0.066,True,False,False
4.0,win_mean,quadratic,stress_a2.0,0.07272204474195998,0.050691477787563985,0.09540411670649812,True,0.162,0.0,-0.162,-0.1785,-0.146,True,False,False
4.0,win_mean,stress_a2.0,coupling_a0.7,0.9208833725208339,0.8966346229068973,0.9446293352287289,True,0.0,0.0155,0.0155,0.0105,0.021,True,True,True
4.0,cond_m_neg,passive,stress_a0.05,0.05792595899745234,0.05583435763155813,0.06003370497959876,True,0.257,0.2395,-0.017500000000000016,-0.02350000000000002,-0.011987500000000165,True,False,False
4.0,cond_m_neg,stress_a0.05,quadratic,0.20921322581030988,0.20655753069611457,0.21184633183049056,True,0.2395,0.162,-0.07749999999999999,-0.0895,-0.066,True,False,False
4.0,cond_m_neg,quadratic,coupling_a0.7,0.9066976396007663,0.9035387569018657,0.9098046049253381,True,0.162,0.0155,-0.14650000000000002,-0.16199999999999998,-0.131,True,False,False
4.0,cond_m_neg,coupling_a0.7,stress_a2.0,0.04378902985336963,0.006904215406703762,0.08189684399328616,True,0.0155,0.0,-0.0155,-0.021,-0.0105,True,False,False
4.0,cond_m_neg_collapsers,passive,stress_a0.05,0.07856114970769718,0.07566505346846701,0.08146271451363087,True,0.257,0.2395,-0.017500000000000016,-0.02350000000000002,-0.011987500000000165,True,False,False
4.0,cond_m_neg_collapsers,stress_a0.05,quadratic,0.1824099107754642,0.1782384745098869,0.18660109404046474,True,0.2395,0.162,-0.07749999999999999,-0.0895,-0.066,True,False,False
4.0,cond_m_neg_collapsers,quadratic,coupling_a0.7,0.857724305694306,0.8383252976193459,0.8779743115113007,True,0.162,0.0155,-0.14650000000000002,-0.16199999999999998,-0.131,True,False,False
4.0,amp_over_lam,passive,stress_a0.05,0.029535767104030053,0.02768541858760992,0.0314127352987112,True,0.257,0.2395,-0.017500000000000016,-0.02350000000000002,-0.011987500000000165,True,False,False
4.0,amp_over_lam,stress_a0.05,quadratic,0.4467890325394004,0.44274563858508376,0.45081750506966706,True,0.2395,0.162,-0.07749999999999999,-0.0895,-0.066,True,False,False
4.0,amp_over_lam,quadratic,stress_a2.0,0.16454398895635436,0.11241210101888219,0.22053723216481272,True,0.162,0.0,-0.162,-0.1785,-0.146,True,False,False
4.0,amp_over_lam,stress_a2.0,coupling_a0.7,57.76368951493801,52.78221903251169,63.63418103667831,True,0.0,0.0155,0.0155,0.0105,0.021,True,True,True
4.5,full_mean,passive,stress_a0.05,0.3113994170204961,0.25509660887075836,0.3711419795908262,True,0.288,0.274,-0.013999999999999957,-0.019499999999999962,-0.009000000000000008,True,False,False
4.5,full_mean,stress_a0.05,stress_a2.0,0.8993807911627911,0.8108170719011323,0.9923944240295892,True,0.274,0.0,-0.274,-0.294,-0.255,True,False,False
4.5,full_mean,stress_a2.0,quadratic,9.45523074614798,9.289453332225543,9.613601049974172,True,0.0,0.163,0.163,0.147,0.1795,True,True,True
4.5,full_mean,quadratic,coupling_a0.7,31.698706529650185,31.52822791235638,31.86852360179305,True,0.163,0.019,-0.14400000000000002,-0.15999999999999998,-0.129,True,False,False
4.5,win_mean,passive,stress_a0.05,0.02546392719978463,0.023906753873275354,0.027115375969553015,True,0.288,0.274,-0.013999999999999957,-0.019499999999999962,-0.009000000000000008,True,False,False
4.5,win_mean,stress_a0.05,quadratic,0.33906753177390775,0.33663066116658635,0.3414100772072929,True,0.274,0.163,-0.11100000000000002,-0.12451250000000001,-0.097,True,False,False
4.5,win_mean,quadratic,stress_a2.0,0.022743696150878567,-0.000987468853917508,0.04760414243098121,False,0.163,0.0,-0.163,-0.1795,-0.147,True,False,False
4.5,win_mean,stress_a2.0,coupling_a0.7,1.0555309193138602,1.0290252319177435,1.0808654312641857,True,0.0,0.019,0.019,0.0135,0.025,True,True,True
4.5,cond_m_neg,passive,stress_a0.05,0.06595478855448017,0.06360407656605739,0.06833399992094123,True,0.288,0.274,-0.013999999999999957,-0.019499999999999962,-0.009000000000000008,True,False,False
4.5,cond_m_neg,stress_a0.05,quadratic,0.27102561088008026,0.2680323219100559,0.27393998590485474,True,0.274,0.163,-0.11100000000000002,-0.12451250000000001,-0.097,True,False,False
4.5,cond_m_neg,quadratic,coupling_a0.7,0.9833109656640358,0.9798402958679037,0.9866795024627236,True,0.163,0.019,-0.14400000000000002,-0.15999999999999998,-0.129,True,False,False
4.5,cond_m_neg,coupling_a0.7,stress_a2.0,0.017652781821556385,-0.02314856063825733,0.05886165602974656,False,0.019,0.0,-0.019,-0.025,-0.0135,True,False,False
4.5,cond_m_neg_collapsers,passive,stress_a0.05,0.08514523621147468,0.08205190109437922,0.0882303797804799,True,0.288,0.274,-0.013999999999999957,-0.019499999999999962,-0.009000000000000008,True,False,False
4.5,cond_m_neg_collapsers,stress_a0.05,quadratic,0.24615740476316794,0.24162108997226425,0.2507585142568692,True,0.274,0.163,-0.11100000000000002,-0.12451250000000001,-0.097,True,False,False
4.5,cond_m_neg_collapsers,quadratic,coupling_a0.7,0.9405134710613827,0.9213162288959483,0.9593569872754679,True,0.163,0.019,-0.14400000000000002,-0.15999999999999998,-0.129,True,False,False
4.5,amp_over_lam,passive,stress_a0.05,0.026588491840843553,0.024968696155753888,0.028315744405272878,True,0.288,0.274,-0.013999999999999957,-0.019499999999999962,-0.009000000000000008,True,False,False
4.5,amp_over_lam,stress_a0.05,quadratic,0.46137357040486005,0.45743975100691875,0.4651251614119606,True,0.274,0.163,-0.11100000000000002,-0.12451250000000001,-0.097,True,False,False
4.5,amp_over_lam,quadratic,stress_a2.0,0.041325797933751796,-0.0017583592580439472,0.08826131819923018,False,0.163,0.0,-0.163,-0.1795,-0.147,True,False,False
4.5,amp_over_lam,stress_a2.0,coupling_a0.7,58.006776027045326,52.98299749329271,63.734533483741885,True,0.0,0.019,0.019,0.0135,0.025,True,True,True
5.0,full_mean,passive,stress_a0.05,0.31815285633907564,0.2563364354660319,0.385320469701664,True,0.2995,0.2865,-0.013000000000000012,-0.018000000000000016,-0.008499999999999952,True,False,False
5.0,full_mean,stress_a0.05,stress_a2.0,1.310233667562045,1.1870004565762604,1.4376407104962055,True,0.2865,0.0,-0.2865,-0.3065,-0.267,True,False,False
5.0,full_mean,stress_a2.0,quadratic,11.47818870337848,11.253180854675879,11.698351041763889,True,0.0,0.157,0.157,0.1415,0.173,True,True,True
5.0,full_mean,quadratic,coupling_a0.7,34.13003118475063,33.901980277732434,34.36301127222337,True,0.157,0.0235,-0.1335,-0.14800000000000002,-0.119,True,False,False
5.0,win_mean,passive,stress_a0.05,0.028571921013916535,0.02672782898509895,0.030379034608313777,True,0.2995,0.2865,-0.013000000000000012,-0.018000000000000016,-0.008499999999999952,True,False,False
5.0,win_mean,stress_a0.05,stress_a2.0,0.37650915563227344,0.35289733873496487,0.4002601887779322,True,0.2865,0.0,-0.2865,-0.3065,-0.267,True,False,False
5.0,win_mean,stress_a2.0,quadratic,0.04631373828552565,0.019974555773771916,0.07264507309603188,True,0.0,0.157,0.157,0.1415,0.173,True,True,True
5.0,win_mean,quadratic,coupling_a0.7,1.1554313670855847,1.153547432756247,1.1573328936289793,True,0.157,0.0235,-0.1335,-0.14800000000000002,-0.119,True,False,False
5.0,cond_m_neg,passive,stress_a0.05,0.07382787517765899,0.07112909022920534,0.07645100104544911,True,0.2995,0.2865,-0.013000000000000012,-0.018000000000000016,-0.008499999999999952,True,False,False
5.0,cond_m_neg,stress_a0.05,quadratic,0.34342917256830785,0.33996283586098414,0.34697969600374273,True,0.2865,0.157,-0.12949999999999998,-0.1445,-0.11500000000000002,True,False,False
5.0,cond_m_neg,quadratic,stress_a2.0,1.0259630446905952,0.9799136073345188,1.0722139592942463,True,0.157,0.0,-0.157,-0.173,-0.1415,True,False,False
5.0,cond_m_neg,stress_a2.0,coupling_a0.7,0.021629166353180684,-0.02491743492497655,0.06787411240998055,False,0.0,0.0235,0.0235,0.017,0.03,True,True,False
5.0,cond_m_neg_collapsers,passive,stress_a0.05,0.09515152466695465,0.09174931531500745,0.09856254548635407,True,0.2995,0.2865,-0.013000000000000012,-0.018000000000000016,-0.008499999999999952,True,False,False
5.0,cond_m_neg_collapsers,stress_a0.05,quadratic,0.31282940111700386,0.3075764562773248,0.3182838267767662,True,0.2865,0.157,-0.12949999999999998,-0.1445,-0.11500000000000002,True,False,False
5.0,cond_m_neg_collapsers,quadratic,coupling_a0.7,1.0041323226944434,0.9852176906889989,1.0239811243219525,True,0.157,0.0235,-0.1335,-0.14800000000000002,-0.119,True,False,False
5.0,amp_over_lam,passive,stress_a0.05,0.02442033452416731,0.022846937938148813,0.02596355690555762,True,0.2995,0.2865,-0.013000000000000012,-0.018000000000000016,-0.008499999999999952,True,False,False
5.0,amp_over_lam,stress_a0.05,stress_a2.0,0.42442017994985537,0.38948865390085974,0.4611663885938955,True,0.2865,0.0,-0.2865,-0.3065,-0.267,True,False,False
5.0,amp_over_lam,stress_a2.0,quadratic,0.07206000465332896,0.031712063039073764,0.11085770186642187,True,0.0,0.157,0.157,0.1415,0.173,True,True,True
5.0,amp_over_lam,quadratic,coupling_a0.7,158.7200506452203,127.37795241325269,211.7766331886295,True,0.157,0.0235,-0.1335,-0.14800000000000002,-0.119,True,False,False
